CRIM,ZN,INDUS,CHAS_1,NOX,RM,AGE,DIS,RAD_3,RAD_4,RAD_5,RAD_6,RAD_24,TAX,PTRATIO,B,LSTAT,class,prob,sample
0.00632,18,2.31,0,0.538,6.575,65.2,4.09,0,0,0,0,0,296,15.3,396.9,4.98,1,0.9979067561438627,test
0.02731,0,7.07,0,0.469,6.421,78.9,4.9671,0,0,0,0,0,242,17.8,396.9,9.14,1,0.9860337014229869,train
0.02729,0,7.07,0,0.469,7.185,61.1,4.9671,0,0,0,0,0,242,17.8,392.83,4.03,1,0.9999611427357756,train
0.03237,0,2.18,0,0.458,6.998,45.8,6.0622,1,0,0,0,0,222,18.7,394.63,2.94,1,0.9999940811525866,test
0.06905,0,2.18,0,0.458,7.147,54.2,6.0622,1,0,0,0,0,222,18.7,396.9,5.33,1,0.999909515598605,train
0.02985,0,2.18,0,0.458,6.43,58.7,6.0622,1,0,0,0,0,222,18.7,394.12,5.21,1,0.9999243859033544,train
0.08829,12.5,7.87,0,0.524,6.012,66.6,5.5605,0,0,1,0,0,311,15.2,395.6,12.43,1,0.9890676801704432,train
0.14455,12.5,7.87,0,0.524,6.172,96.1,5.9505,0,0,1,0,0,311,15.2,396.9,19.15,1,0.8046200066335452,train
0.21124,12.5,7.87,0,0.524,5.631,100,6.0821,0,0,1,0,0,311,15.2,386.63,29.93,0,0.016646607417994667,test
0.17004,12.5,7.87,0,0.524,6.004,85.9,6.5921,0,0,1,0,0,311,15.2,386.71,17.1,0,0.051488220245240655,train
0.22489,12.5,7.87,0,0.524,6.377,94.3,6.3467,0,0,1,0,0,311,15.2,392.52,20.45,0,0.5357673421469875,test
0.11747,12.5,7.87,0,0.524,6.009,82.9,6.2267,0,0,1,0,0,311,15.2,396.9,13.27,0,0.17143643727207647,train
0.09378,12.5,7.87,0,0.524,5.889,39,5.4509,0,0,1,0,0,311,15.2,390.5,15.71,1,0.8432232682830497,train
0.62976,0,8.14,0,0.538,5.949,61.8,4.7075,0,1,0,0,0,307,21,396.9,8.26,0,9.15949854480576e-5,train
0.63796,0,8.14,0,0.538,6.096,84.5,4.4619,0,1,0,0,0,307,21,380.02,10.26,0,6.182837006309568e-5,test
0.62739,0,8.14,0,0.538,5.834,56.5,4.4986,0,1,0,0,0,307,21,395.62,8.47,0,7.76631916915041e-5,train
1.05393,0,8.14,0,0.538,5.935,29.3,4.4986,0,1,0,0,0,307,21,386.85,6.58,1,0.9889540000669578,train
0.7842,0,8.14,0,0.538,5.99,81.7,4.2579,0,1,0,0,0,307,21,386.75,14.67,0,5.847915430561829e-5,test
0.80271,0,8.14,0,0.538,5.456,36.6,3.7965,0,1,0,0,0,307,21,288.99,11.69,0,0.003164182088287709,train
0.7258,0,8.14,0,0.538,5.727,69.5,3.7965,0,1,0,0,0,307,21,390.95,11.28,0,5.777564370983649e-5,train
1.25179,0,8.14,0,0.538,5.57,98.1,3.7979,0,1,0,0,0,307,21,376.57,21.02,0,4.134929287382068e-4,train
0.85204,0,8.14,0,0.538,5.965,89.2,4.0123,0,1,0,0,0,307,21,392.53,13.83,0,5.825060232057392e-5,train
1.23247,0,8.14,0,0.538,6.142,91.7,3.9769,0,1,0,0,0,307,21,396.9,18.72,0,1.1326944670678207e-4,train
0.98843,0,8.14,0,0.538,5.813,100,4.0952,0,1,0,0,0,307,21,394.54,19.88,0,1.0730519626417806e-4,test
0.75026,0,8.14,0,0.538,5.924,94.1,4.3996,0,1,0,0,0,307,21,394.33,16.3,0,5.9291426439580444e-5,test
0.84054,0,8.14,0,0.538,5.599,85.7,4.4546,0,1,0,0,0,307,21,303.42,16.51,0,6.1001588414253026e-5,train
0.67191,0,8.14,0,0.538,5.813,90.3,4.682,0,1,0,0,0,307,21,376.88,14.81,0,5.739189524294338e-5,train
0.95577,0,8.14,0,0.538,6.047,88.8,4.4534,0,1,0,0,0,307,21,306.38,17.28,0,7.263115038014377e-5,train
0.77299,0,8.14,0,0.538,6.495,94.4,4.4547,0,1,0,0,0,307,21,387.94,12.8,0,9.668024980333903e-5,train
1.00245,0,8.14,0,0.538,6.674,87.3,4.239,0,1,0,0,0,307,21,380.23,11.98,0,0.002480482566745298,train
1.13081,0,8.14,0,0.538,5.713,94.1,4.233,0,1,0,0,0,307,21,360.17,22.6,0,5.646356393379395e-4,train
1.35472,0,8.14,0,0.538,6.072,100,4.175,0,1,0,0,0,307,21,376.73,13.04,0,5.884434637049453e-5,test
1.38799,0,8.14,0,0.538,5.95,82,3.99,0,1,0,0,0,307,21,232.6,27.71,0,0.7320824347842821,test
1.15172,0,8.14,0,0.538,5.701,95,3.7872,0,1,0,0,0,307,21,358.77,18.35,0,1.0360512341921413e-4,test
1.61282,0,8.14,0,0.538,6.096,96.9,3.7598,0,1,0,0,0,307,21,248.31,20.34,0,0.006767526746993261,train
0.06417,0,5.96,0,0.499,5.933,68.2,3.3603,0,0,1,0,0,279,19.2,396.9,9.68,0,0.04686952275117223,train
0.09744,0,5.96,0,0.499,5.841,61.4,3.3779,0,0,1,0,0,279,19.2,377.56,11.41,0,0.26888504915455014,train
0.08014,0,5.96,0,0.499,5.85,41.5,3.9342,0,0,1,0,0,279,19.2,396.9,8.77,0,0.07282112264506428,train
0.17505,0,5.96,0,0.499,5.966,30.2,3.8473,0,0,1,0,0,279,19.2,393.43,10.13,1,0.9998223557094057,test
0.02763,75,2.95,0,0.428,6.595,21.8,5.4011,1,0,0,0,0,252,18.3,395.63,4.32,1,0.99869701353905,train
0.03359,75,2.95,0,0.428,7.024,15.8,5.4011,1,0,0,0,0,252,18.3,395.62,1.98,1,0.9999987324126506,train
0.12744,0,6.91,0,0.448,6.77,2.9,5.7209,1,0,0,0,0,233,17.9,385.41,4.84,1,0.999995244595164,train
0.1415,0,6.91,0,0.448,6.169,6.6,5.7209,1,0,0,0,0,233,17.9,383.37,5.81,1,0.9998770535798032,train
0.15936,0,6.91,0,0.448,6.211,6.5,5.7209,1,0,0,0,0,233,17.9,394.46,7.44,1,0.9998063700641829,test
0.12269,0,6.91,0,0.448,6.069,40,5.7209,1,0,0,0,0,233,17.9,389.39,9.55,1,0.0745703585738349,test
0.17142,0,6.91,0,0.448,5.682,33.8,5.1004,1,0,0,0,0,233,17.9,396.9,10.21,0,0.03046125917449077,test
0.18836,0,6.91,0,0.448,5.786,33.3,5.1004,1,0,0,0,0,233,17.9,396.9,14.15,0,0.11012544846599093,train
0.22927,0,6.91,0,0.448,6.03,85.5,5.6894,1,0,0,0,0,233,17.9,392.74,18.8,0,1.7996281023029444e-5,test
0.25387,0,6.91,0,0.448,5.399,95.3,5.87,1,0,0,0,0,233,17.9,396.9,30.81,0,1.848227198742881e-6,train
0.21977,0,6.91,0,0.448,5.602,62,6.0877,1,0,0,0,0,233,17.9,396.9,16.2,0,0.013399159933045732,test
0.08873,21,5.64,0,0.439,5.963,45.7,6.8147,0,1,0,0,0,243,16.8,395.56,13.45,0,0.9999655154972361,test
0.04337,21,5.64,0,0.439,6.115,63,6.8147,0,1,0,0,0,243,16.8,393.97,9.43,0,0.9999859563185229,test
0.0536,21,5.64,0,0.439,6.511,21.1,6.8147,0,1,0,0,0,243,16.8,396.9,5.28,1,0.9999980681806611,test
0.04981,21,5.64,0,0.439,5.998,21.4,6.8147,0,1,0,0,0,243,16.8,396.9,8.43,1,0.9999939374177894,train
0.0136,75,4,0,0.41,5.888,47.6,7.3197,1,0,0,0,0,469,21.1,396.9,14.8,0,0.4599171813748444,test
0.01311,90,1.22,0,0.403,7.249,21.9,8.6966,0,0,1,0,0,226,17.9,395.93,4.81,1,0.9999980455076729,train
0.02055,85,0.74,0,0.41,6.383,35.7,9.1876,0,0,0,0,0,313,17.3,396.9,5.77,1,0.9749095692233534,train
0.01432,100,1.32,0,0.411,6.816,40.5,8.3248,0,0,1,0,0,256,15.1,392.9,3.95,1,0.9999980168107887,test
0.15445,25,5.13,0,0.453,6.145,29.2,7.8148,0,0,0,0,0,284,19.7,390.68,6.86,1,0.9493606898417242,test
0.10328,25,5.13,0,0.453,5.927,47.2,6.932,0,0,0,0,0,284,19.7,396.9,9.22,0,8.410455054916324e-4,test
0.14932,25,5.13,0,0.453,5.741,66.2,7.2254,0,0,0,0,0,284,19.7,395.11,13.15,0,5.536157185059173e-5,test
0.17171,25,5.13,0,0.453,5.966,93.4,6.8185,0,0,0,0,0,284,19.7,378.08,14.44,0,5.660378097674922e-5,train
0.11027,25,5.13,0,0.453,6.456,67.8,7.2255,0,0,0,0,0,284,19.7,396.9,6.73,1,0.9613469726678597,test
0.1265,25,5.13,0,0.453,6.762,43.4,7.9809,0,0,0,0,0,284,19.7,395.58,9.5,1,0.9787593442502733,train
0.01951,17.5,1.38,0,0.4161,7.104,59.5,9.2229,1,0,0,0,0,216,18.6,393.24,8.05,1,0.0931547680500494,test
0.03584,80,3.37,0,0.398,6.29,17.8,6.6115,0,1,0,0,0,337,16.1,396.9,4.67,1,0.9985180541900851,train
0.04379,80,3.37,0,0.398,5.787,31.1,6.6115,0,1,0,0,0,337,16.1,396.9,10.24,0,0.007851692233200546,train
0.05789,12.5,6.07,0,0.409,5.878,21.4,6.498,0,1,0,0,0,345,18.9,396.21,8.1,1,0.9767544027555599,test
0.13554,12.5,6.07,0,0.409,5.594,36.8,6.498,0,1,0,0,0,345,18.9,396.9,13.09,0,1.1670027973498014e-4,train
0.12816,12.5,6.07,0,0.409,5.885,33,6.498,0,1,0,0,0,345,18.9,396.9,8.79,0,0.9475909445452434,test
0.08826,0,10.81,0,0.413,6.417,6.6,5.2873,0,1,0,0,0,305,19.2,383.73,6.72,1,1,train
0.15876,0,10.81,0,0.413,5.961,17.5,5.2873,0,1,0,0,0,305,19.2,376.94,9.88,1,0.9995629850336245,test
0.09164,0,10.81,0,0.413,6.065,7.8,5.2873,0,1,0,0,0,305,19.2,390.91,5.52,1,0.9999990958149529,train
0.19539,0,10.81,0,0.413,6.245,6.2,5.2873,0,1,0,0,0,305,19.2,377.17,7.54,1,1,test
0.07896,0,12.83,0,0.437,6.273,6,4.2515,0,0,1,0,0,398,18.7,394.92,6.78,1,1,test
0.09512,0,12.83,0,0.437,6.286,45,4.5026,0,0,1,0,0,398,18.7,383.23,8.94,1,0.8748777860266482,train
0.10153,0,12.83,0,0.437,6.279,74.5,4.0522,0,0,1,0,0,398,18.7,373.66,11.97,0,0.9383847384167494,test
0.08707,0,12.83,0,0.437,6.14,45.8,4.0905,0,0,1,0,0,398,18.7,386.96,10.27,0,0.5414388818545384,train
0.05646,0,12.83,0,0.437,6.232,53.7,5.0141,0,0,1,0,0,398,18.7,386.4,12.34,1,0.6352270458661556,train
0.08387,0,12.83,0,0.437,5.874,36.6,4.5026,0,0,1,0,0,398,18.7,396.06,9.1,0,0.02269379442546502,test
0.04113,25,4.86,0,0.426,6.727,33.5,5.4007,0,1,0,0,0,281,19,396.9,5.29,1,0.9999847094761536,test
0.04462,25,4.86,0,0.426,6.619,70.4,5.4007,0,1,0,0,0,281,19,395.63,7.22,1,0.9996075696908496,train
0.03659,25,4.86,0,0.426,6.302,32.2,5.4007,0,1,0,0,0,281,19,396.9,6.72,1,0.9972917744621479,train
0.03551,25,4.86,0,0.426,6.167,46.7,5.4007,0,1,0,0,0,281,19,390.64,7.51,1,0.9840889290974386,test
0.05059,0,4.49,0,0.449,6.389,48,4.7794,1,0,0,0,0,247,18.5,396.9,9.62,1,0.9999903268186698,test
0.05735,0,4.49,0,0.449,6.63,56.1,4.4377,1,0,0,0,0,247,18.5,392.3,6.53,1,0.9999988940859492,test
0.05188,0,4.49,0,0.449,6.015,45.1,4.4272,1,0,0,0,0,247,18.5,395.99,12.86,1,0.934973618533254,train
0.07151,0,4.49,0,0.449,6.121,56.8,3.7476,1,0,0,0,0,247,18.5,395.15,8.44,1,0.999920036811456,train
0.0566,0,3.41,0,0.489,7.007,86.3,3.4217,0,0,0,0,0,270,17.8,396.9,5.5,1,0.9992976049211332,train
0.05302,0,3.41,0,0.489,7.079,63.1,3.4145,0,0,0,0,0,270,17.8,396.06,5.7,1,0.9999834444795951,test
0.04684,0,3.41,0,0.489,6.417,66.1,3.0923,0,0,0,0,0,270,17.8,392.18,8.81,1,0.9919066691744073,train
0.03932,0,3.41,0,0.489,6.405,73.9,3.0921,0,0,0,0,0,270,17.8,393.55,8.2,1,0.9876414637425007,test
0.04203,28,15.04,0,0.464,6.442,53.6,3.6659,0,1,0,0,0,270,18.2,395.01,8.16,1,0.9905016990889437,train
0.02875,28,15.04,0,0.464,6.211,28.9,3.6659,0,1,0,0,0,270,18.2,396.33,6.21,1,0.9999362707980856,train
0.04294,28,15.04,0,0.464,6.249,77.3,3.615,0,1,0,0,0,270,18.2,396.9,10.59,0,0.0012679540967434802,test
0.12204,0,2.89,0,0.445,6.625,57.8,3.4952,0,0,0,0,0,276,18,357.98,6.65,1,0.996708051342075,train
0.11504,0,2.89,0,0.445,6.163,69.6,3.4952,0,0,0,0,0,276,18,391.83,11.34,1,0.9872077625490644,train
0.12083,0,2.89,0,0.445,8.069,76,3.4952,0,0,0,0,0,276,18,396.9,4.21,1,0.9999984790375068,train
0.08187,0,2.89,0,0.445,7.82,36.9,3.4952,0,0,0,0,0,276,18,393.53,3.57,1,0.999998525274063,train
0.0686,0,2.89,0,0.445,7.416,62.5,3.4952,0,0,0,0,0,276,18,396.9,6.19,1,0.9999982234489726,train
0.14866,0,8.56,0,0.52,6.727,79.9,2.7778,0,0,1,0,0,384,20.9,394.76,9.42,1,0.7317697086739535,train
0.11432,0,8.56,0,0.52,6.781,71.3,2.8561,0,0,1,0,0,384,20.9,395.58,7.67,1,0.9954445186569033,test
0.22876,0,8.56,0,0.52,6.405,85.4,2.7147,0,0,1,0,0,384,20.9,70.8,10.63,0,0.016775602284499952,train
0.21161,0,8.56,0,0.52,6.137,87.4,2.7147,0,0,1,0,0,384,20.9,394.47,13.44,0,0.009304495932115596,test
0.1396,0,8.56,0,0.52,6.167,90,2.421,0,0,1,0,0,384,20.9,392.69,12.33,0,0.008502968182015137,train
0.13262,0,8.56,0,0.52,5.851,96.7,2.1069,0,0,1,0,0,384,20.9,394.05,16.47,0,0.008000663821596487,test
0.1712,0,8.56,0,0.52,5.836,91.9,2.211,0,0,1,0,0,384,20.9,395.67,18.66,0,0.012184117366664788,train
0.13117,0,8.56,0,0.52,6.127,85.2,2.1224,0,0,1,0,0,384,20.9,387.69,14.09,0,0.014468579743008815,train
0.12802,0,8.56,0,0.52,6.474,97.1,2.4329,0,0,1,0,0,384,20.9,395.24,12.27,0,0.040593346373514486,train
0.26363,0,8.56,0,0.52,6.229,91.2,2.5451,0,0,1,0,0,384,20.9,391.23,15.55,0,0.04237507285687025,test
0.10793,0,8.56,0,0.52,6.195,54.4,2.7778,0,0,1,0,0,384,20.9,393.49,13,1,0.8407104772079085,train
0.10084,0,10.01,0,0.547,6.715,81.6,2.6775,0,0,0,1,0,432,17.8,395.59,10.16,1,0.9990465635867928,train
0.12329,0,10.01,0,0.547,5.913,92.9,2.3534,0,0,0,1,0,432,17.8,394.95,16.21,0,0.0065503834351859315,train
0.22212,0,10.01,0,0.547,6.092,95.4,2.548,0,0,0,1,0,432,17.8,396.9,17.09,0,0.007171160760769924,train
0.14231,0,10.01,0,0.547,6.254,84.2,2.2565,0,0,0,1,0,432,17.8,388.74,10.45,0,0.9965360439695691,test
0.17134,0,10.01,0,0.547,5.928,88.2,2.4631,0,0,0,1,0,432,17.8,344.91,15.76,0,0.006346521636333889,test
0.13158,0,10.01,0,0.547,6.176,72.5,2.7301,0,0,0,1,0,432,17.8,393.3,12.04,1,0.9448825232230778,train
0.15098,0,10.01,0,0.547,6.021,82.6,2.7474,0,0,0,1,0,432,17.8,394.51,10.3,0,0.1830756817842949,train
0.13058,0,10.01,0,0.547,5.872,73.1,2.4775,0,0,0,1,0,432,17.8,338.63,15.37,0,0.0064104328651477934,test
0.14476,0,10.01,0,0.547,5.731,65.2,2.7592,0,0,0,1,0,432,17.8,391.5,13.61,0,0.004048130432507977,train
0.06899,0,25.65,0,0.581,5.87,69.7,2.2577,0,0,0,0,0,188,19.1,389.15,14.37,1,0.9001354199468597,train
0.07165,0,25.65,0,0.581,6.004,84.1,2.1974,0,0,0,0,0,188,19.1,377.67,14.27,0,0.008719860333364464,train
0.09299,0,25.65,0,0.581,5.961,92.9,2.0869,0,0,0,0,0,188,19.1,378.09,17.93,0,0.0057734613376245825,train
0.15038,0,25.65,0,0.581,5.856,97,1.9444,0,0,0,0,0,188,19.1,370.31,25.41,0,0.002158692851715398,train
0.09849,0,25.65,0,0.581,5.879,95.8,2.0063,0,0,0,0,0,188,19.1,379.38,17.58,0,0.005780044385461174,test
0.16902,0,25.65,0,0.581,5.986,88.4,1.9929,0,0,0,0,0,188,19.1,385.02,14.81,1,0.008099844062568034,test
0.38735,0,25.65,0,0.581,5.613,95.6,1.7572,0,0,0,0,0,188,19.1,359.29,27.26,0,8.276945812226964e-4,train
0.25915,0,21.89,0,0.624,5.693,96,1.7883,0,1,0,0,0,437,21.2,392.11,17.19,0,0.0054249186339272604,train
0.32543,0,21.89,0,0.624,6.431,98.8,1.8125,0,1,0,0,0,437,21.2,396.9,15.39,0,0.0036957041027819563,train
0.88125,0,21.89,0,0.624,5.637,94.7,1.9799,0,1,0,0,0,437,21.2,396.9,18.34,0,0.005697162197033166,train
0.34006,0,21.89,0,0.624,6.458,98.9,2.1185,0,1,0,0,0,437,21.2,395.04,12.6,0,4.0120592448158164e-4,test
1.19294,0,21.89,0,0.624,6.326,97.7,2.271,0,1,0,0,0,437,21.2,396.9,12.26,0,2.950290170843487e-4,test
0.59005,0,21.89,0,0.624,6.372,97.9,2.3274,0,1,0,0,0,437,21.2,385.76,11.12,1,1.3694885728921476e-4,test
0.32982,0,21.89,0,0.624,5.822,95.4,2.4699,0,1,0,0,0,437,21.2,388.69,15.03,0,0.0010483904534584938,test
0.97617,0,21.89,0,0.624,5.757,98.4,2.346,0,1,0,0,0,437,21.2,262.76,17.31,0,0.005981781049696574,train
0.55778,0,21.89,0,0.624,6.335,98.2,2.1107,0,1,0,0,0,437,21.2,394.67,16.96,0,0.004609060977338805,test
0.32264,0,21.89,0,0.624,5.942,93.5,1.9669,0,1,0,0,0,437,21.2,378.25,16.9,0,0.004797726415932367,train
0.35233,0,21.89,0,0.624,6.454,98.4,1.8498000000000001,0,1,0,0,0,437,21.2,394.08,14.59,0,0.0026143024370306796,train
0.2498,0,21.89,0,0.624,5.857,98.2,1.6686,0,1,0,0,0,437,21.2,392.04,21.32,0,0.005713664736895218,train
0.54452,0,21.89,0,0.624,6.151,97.9,1.6687,0,1,0,0,0,437,21.2,396.9,18.46,0,0.006007139794125119,train
0.2909,0,21.89,0,0.624,6.174,93.6,1.6119,0,1,0,0,0,437,21.2,388.08,24.16,0,0.005283675301135268,test
1.62864,0,21.89,0,0.624,5.019,100,1.4394,0,1,0,0,0,437,21.2,396.9,34.41,0,2.635947729913014e-4,test
3.32105,0,19.58,1,0.871,5.403,100,1.3216,0,0,1,0,0,403,14.7,396.9,26.82,0,2.341662053303849e-4,train
4.0974,0,19.58,0,0.871,5.468,100,1.4118,0,0,1,0,0,403,14.7,396.9,26.42,0,0.002424397204491021,train
2.77974,0,19.58,0,0.871,4.903,97.8,1.3459,0,0,1,0,0,403,14.7,396.9,29.29,0,1.869325534341023e-4,train
2.37934,0,19.58,0,0.871,6.13,100,1.4191,0,0,1,0,0,403,14.7,172.91,27.8,0,0.131062278793127,train
2.15505,0,19.58,0,0.871,5.628,100,1.5166,0,0,1,0,0,403,14.7,169.27,16.65,0,0.004831410581817257,train
2.36862,0,19.58,0,0.871,4.926,95.7,1.4608,0,0,1,0,0,403,14.7,391.71,29.53,0,2.8773393760001654e-4,train
2.33099,0,19.58,0,0.871,5.186,93.8,1.5296,0,0,1,0,0,403,14.7,356.99,28.32,0,0.001671286484297572,train
2.73397,0,19.58,0,0.871,5.597,94.9,1.5257,0,0,1,0,0,403,14.7,351.85,21.45,0,0.006792630435727767,train
1.6566,0,19.58,0,0.871,6.122,97.3,1.618,0,0,1,0,0,403,14.7,372.8,14.1,1,0.16036608598984883,test
1.49632,0,19.58,0,0.871,5.404,100,1.5916,0,0,1,0,0,403,14.7,341.6,13.28,0,2.9491613021975673e-5,train
1.12658,0,19.58,1,0.871,5.012,88,1.6102,0,0,1,0,0,403,14.7,343.28,12.12,0,9.187915422631345e-5,test
2.14918,0,19.58,0,0.871,5.709,98.5,1.6232,0,0,1,0,0,403,14.7,261.95,15.79,0,0.0031768864620182334,train
1.41385,0,19.58,1,0.871,6.129,96,1.7494,0,0,1,0,0,403,14.7,321.02,15.12,0,8.810139005518191e-4,train
3.53501,0,19.58,1,0.871,6.152,82.6,1.7455,0,0,1,0,0,403,14.7,88.01,15.02,0,9.122132902889911e-4,test
2.44668,0,19.58,0,0.871,5.272,94,1.7364,0,0,1,0,0,403,14.7,88.63,16.14,0,6.819830024925398e-5,test
1.22358,0,19.58,0,0.605,6.943,97.4,1.8773,0,0,1,0,0,403,14.7,363.43,4.59,1,1,test
1.34284,0,19.58,0,0.605,6.066,100,1.7573,0,0,1,0,0,403,14.7,353.89,6.43,1,0.9781960462949092,train
1.42502,0,19.58,0,0.871,6.51,100,1.7659,0,0,1,0,0,403,14.7,364.31,7.39,1,0.9784544775822119,train
1.27346,0,19.58,1,0.605,6.25,92.6,1.7984,0,0,1,0,0,403,14.7,338.92,5.5,1,0.9998711120703947,train
1.46336,0,19.58,0,0.605,7.489,90.8,1.9709,0,0,1,0,0,403,14.7,374.43,1.73,1,1,train
1.83377,0,19.58,1,0.605,7.802,98.2,2.0407,0,0,1,0,0,403,14.7,389.61,1.92,1,1,test
1.51902,0,19.58,1,0.605,8.375,93.9,2.162,0,0,1,0,0,403,14.7,388.45,3.32,1,1,train
2.24236,0,19.58,0,0.605,5.854,91.8,2.422,0,0,1,0,0,403,14.7,395.11,11.64,1,0.9640750408988381,test
2.924,0,19.58,0,0.605,6.101,93,2.2834,0,0,1,0,0,403,14.7,240.16,9.81,1,0.9805419553938147,test
2.01019,0,19.58,0,0.605,7.929,96.2,2.0459,0,0,1,0,0,403,14.7,369.3,3.7,1,1,test
1.80028,0,19.58,0,0.605,5.877,79.2,2.4259,0,0,1,0,0,403,14.7,227.61,12.14,1,0.9718315384043024,test
2.3004,0,19.58,0,0.605,6.319,96.1,2.1,0,0,1,0,0,403,14.7,297.09,11.1,1,0.9850162525393805,train
2.44953,0,19.58,0,0.605,6.402,95.2,2.2625,0,0,1,0,0,403,14.7,330.04,11.32,1,0.988510292183778,test
1.20742,0,19.58,0,0.605,5.875,94.6,2.4259,0,0,1,0,0,403,14.7,292.29,14.43,0,0.9660895049616073,test
2.3139,0,19.58,0,0.605,5.88,97.3,2.3887,0,0,1,0,0,403,14.7,348.13,12.03,0,0.9683122462452408,test
0.13914,0,4.05,0,0.51,5.572,88.5,2.5961,0,0,1,0,0,296,16.6,396.9,14.69,1,0.9876355092819715,train
0.09178,0,4.05,0,0.51,6.416,84.1,2.6463,0,0,1,0,0,296,16.6,395.5,9.04,1,1,train
0.08447,0,4.05,0,0.51,5.859,68.7,2.7019,0,0,1,0,0,296,16.6,393.23,9.64,1,0.9999996372006723,test
0.06664,0,4.05,0,0.51,6.546,33.1,3.1323,0,0,1,0,0,296,16.6,390.96,5.33,1,0.9999984636777899,train
0.07022,0,4.05,0,0.51,6.02,47.2,3.5549,0,0,1,0,0,296,16.6,393.23,10.11,1,0.9999986576845391,train
0.05425,0,4.05,0,0.51,6.315,73.4,3.3175,0,0,1,0,0,296,16.6,395.6,6.29,1,0.9999986612055145,train
0.06642,0,4.05,0,0.51,6.86,74.4,2.9153,0,0,1,0,0,296,16.6,391.27,6.92,1,0.9999991921087042,train
0.0578,0,2.46,0,0.488,6.98,58.4,2.829,1,0,0,0,0,193,17.8,396.9,5.04,1,1,train
0.06588,0,2.46,0,0.488,7.765,83.3,2.741,1,0,0,0,0,193,17.8,395.56,7.56,1,1,test
0.06888,0,2.46,0,0.488,6.144,62.2,2.5979,1,0,0,0,0,193,17.8,396.9,9.45,1,1,test
0.09103,0,2.46,0,0.488,7.155,92.2,2.7006,1,0,0,0,0,193,17.8,394.12,4.82,1,0.9999991495240667,train
0.10008,0,2.46,0,0.488,6.563,95.6,2.847,1,0,0,0,0,193,17.8,396.9,5.68,1,0.9999534233447581,train
0.08308,0,2.46,0,0.488,5.604,89.8,2.9879,1,0,0,0,0,193,17.8,391,13.98,1,0.9540811804465005,train
0.06047,0,2.46,0,0.488,6.153,68.8,3.2797,1,0,0,0,0,193,17.8,387.11,13.15,1,0.9997998033804536,test
0.05602,0,2.46,0,0.488,7.831,53.6,3.1992,1,0,0,0,0,193,17.8,392.63,4.45,1,1,train
0.07875,45,3.44,0,0.437,6.782,41.1,3.7886,0,0,1,0,0,398,15.2,393.87,6.68,1,0.9999983239997431,test
0.12579,45,3.44,0,0.437,6.556,29.1,4.5667,0,0,1,0,0,398,15.2,382.84,4.56,1,0.9999982861151522,test
0.0837,45,3.44,0,0.437,7.185,38.9,4.5667,0,0,1,0,0,398,15.2,396.9,5.39,1,0.9999983140596864,train
0.09068,45,3.44,0,0.437,6.951,21.5,6.4798,0,0,1,0,0,398,15.2,377.68,5.1,1,0.9999982262931416,train
0.06911,45,3.44,0,0.437,6.739,30.8,6.4798,0,0,1,0,0,398,15.2,389.71,4.69,1,0.9999982072771119,train
0.08664,45,3.44,0,0.437,7.178,26.3,6.4798,0,0,1,0,0,398,15.2,390.49,2.87,1,0.9999982552498906,train
0.02187,60,2.93,0,0.401,6.8,9.9,6.2196,0,0,0,0,0,265,15.6,393.37,5.03,1,0.9999889468720389,test
0.01439,60,2.93,0,0.401,6.604,18.8,6.2196,0,0,0,0,0,265,15.6,376.7,4.38,1,0.9987242782828419,test
0.01381,80,0.46,0,0.422,7.875,32,5.6484,0,1,0,0,0,255,14.4,394.23,2.97,1,0.9999982954922432,train
0.04011,80,1.52,0,0.404,7.287,34.1,7.309,0,0,0,0,0,329,12.6,396.9,4.08,1,0.9999979177537502,train
0.04666,80,1.52,0,0.404,7.107,36.6,7.309,0,0,0,0,0,329,12.6,354.31,8.61,1,0.9999977458725333,test
0.03768,80,1.52,0,0.404,7.274,38.3,7.309,0,0,0,0,0,329,12.6,392.2,6.62,1,0.9999978126660636,test
0.0315,95,1.47,0,0.403,6.975,15.3,7.6534,1,0,0,0,0,402,17,396.9,4.56,1,0.9999980946284228,train
0.01778,95,1.47,0,0.403,7.135,13.9,7.6534,1,0,0,0,0,402,17,384.3,4.45,1,0.9999983318885487,train
0.03445,82.5,2.03,0,0.415,6.162,38.4,6.27,0,0,0,0,0,348,14.7,393.77,7.43,1,0.9802905176728651,train
0.02177,82.5,2.03,0,0.415,7.61,15.7,6.27,0,0,0,0,0,348,14.7,395.38,3.11,1,0.99999816454107,train
0.0351,95,2.68,0,0.4161,7.853,33.2,5.118,0,1,0,0,0,224,14.7,392.78,3.81,1,0.9999982773736802,test
0.02009,95,2.68,0,0.4161,8.034,31.9,5.118,0,1,0,0,0,224,14.7,390.55,2.88,1,0.9999982769205678,train
0.13642,0,10.59,0,0.489,5.891,22.3,3.9454,0,1,0,0,0,277,18.6,396.9,10.87,1,0.9999977859048238,test
0.22969,0,10.59,0,0.489,6.326,52.5,4.3549,0,1,0,0,0,277,18.6,394.87,10.97,1,0.9999853365011087,test
0.25199,0,10.59,0,0.489,5.783,72.7,4.3549,0,1,0,0,0,277,18.6,389.43,18.06,1,0.01065602848771894,test
0.13587,0,10.59,1,0.489,6.064,59.1,4.2392,0,1,0,0,0,277,18.6,381.32,14.66,1,0.9976217849289234,test
0.43571,0,10.59,1,0.489,5.344,100,3.875,0,1,0,0,0,277,18.6,396.9,23.09,0,0.001109807613592818,test
0.17446,0,10.59,1,0.489,5.96,92.1,3.8771,0,1,0,0,0,277,18.6,393.25,17.27,1,0.9892833391665812,train
0.37578,0,10.59,1,0.489,5.404,88.6,3.665,0,1,0,0,0,277,18.6,395.24,23.98,0,8.447268454100948e-4,train
0.21719,0,10.59,1,0.489,5.807,53.8,3.6526,0,1,0,0,0,277,18.6,390.94,16.03,1,0.9990725461065975,train
0.14052,0,10.59,0,0.489,6.375,32.3,3.9454,0,1,0,0,0,277,18.6,385.81,9.38,1,0.9999968551879685,train
0.28955,0,10.59,0,0.489,5.412,9.8,3.5875,0,1,0,0,0,277,18.6,348.93,29.55,1,0.9999565011787581,test
0.19802,0,10.59,0,0.489,6.182,42.4,3.9454,0,1,0,0,0,277,18.6,393.63,9.47,1,0.999907441789327,test
0.0456,0,13.89,1,0.55,5.888,56,3.1121,0,0,1,0,0,276,16.4,392.8,13.51,1,0.999998591386906,train
0.07013,0,13.89,0,0.55,6.642,85.1,3.4211,0,0,1,0,0,276,16.4,392.78,9.69,1,1,train
0.11069,0,13.89,1,0.55,5.951,93.8,2.8893,0,0,1,0,0,276,16.4,396.9,17.92,1,0.9357541508720435,test
0.11425,0,13.89,1,0.55,6.373,92.4,3.3633,0,0,1,0,0,276,16.4,393.74,10.5,1,1,test
0.35809,0,6.2,1,0.507,6.951,88.5,2.8617,0,0,0,0,0,307,17.4,391.7,9.71,1,0.9995073703952922,test
0.40771,0,6.2,1,0.507,6.164,91.3,3.048,0,0,0,0,0,307,17.4,395.24,21.46,1,0.9989526520346192,test
0.62356,0,6.2,1,0.507,6.879,77.7,3.2721,0,0,0,0,0,307,17.4,390.39,9.93,1,0.9981311406149347,test
0.6147,0,6.2,0,0.507,6.618,80.8,3.2721,0,0,0,0,0,307,17.4,396.9,7.6,1,0.9892650662237373,train
0.31533,0,6.2,0,0.504,8.266,78.3,2.8944,0,0,0,0,0,307,17.4,385.05,4.14,1,0.9999985017225761,test
0.52693,0,6.2,0,0.504,8.725,83,2.8944,0,0,0,0,0,307,17.4,382,4.63,1,0.9999985089271306,train
0.38214,0,6.2,0,0.504,8.04,86.5,3.2157,0,0,0,0,0,307,17.4,387.38,3.13,1,0.9999984617789459,train
0.41238,0,6.2,0,0.504,7.163,79.9,3.2157,0,0,0,0,0,307,17.4,372.08,6.36,1,0.999976518611857,test
0.29819,0,6.2,0,0.504,7.686,17,3.3751,0,0,0,0,0,307,17.4,377.51,3.92,1,1,train
0.44178,0,6.2,0,0.504,6.552,21.4,3.3751,0,0,0,0,0,307,17.4,380.34,3.76,1,0.9999989675053937,test
0.537,0,6.2,0,0.504,5.981,68.1,3.6715,0,0,0,0,0,307,17.4,378.35,11.65,1,0.9797625282512052,train
0.46296,0,6.2,0,0.504,7.412,76.9,3.6715,0,0,0,0,0,307,17.4,376.14,5.25,1,0.9999957093983224,test
0.57529,0,6.2,0,0.507,8.337,73.3,3.8384,0,0,0,0,0,307,17.4,385.91,2.47,1,0.9999984902548935,test
0.33147,0,6.2,0,0.507,8.247,70.4,3.6519,0,0,0,0,0,307,17.4,378.95,3.95,1,0.9999984890046894,train
0.44791,0,6.2,1,0.507,6.726,66.5,3.6519,0,0,0,0,0,307,17.4,360.2,8.05,1,0.9879171939486694,test
0.33045,0,6.2,0,0.507,6.086,61.5,3.6519,0,0,0,0,0,307,17.4,376.75,10.88,1,0.9825122624332415,train
0.52058,0,6.2,1,0.507,6.631,76.5,4.148,0,0,0,0,0,307,17.4,388.45,9.54,1,0.988764704147645,train
0.51183,0,6.2,0,0.507,7.358,71.6,4.148,0,0,0,0,0,307,17.4,390.07,4.73,1,0.9999883119915973,train
0.08244,30,4.93,0,0.428,6.481,18.5,6.1899,0,0,0,1,0,300,16.6,379.41,6.36,1,0.9970413798922528,test
0.09252,30,4.93,0,0.428,6.606,42.2,6.1899,0,0,0,1,0,300,16.6,383.78,7.37,1,0.9985730053772843,train
0.11329,30,4.93,0,0.428,6.897,54.3,6.3361,0,0,0,1,0,300,16.6,391.25,11.38,1,0.999997055801538,train
0.10612,30,4.93,0,0.428,6.095,65.1,6.3361,0,0,0,1,0,300,16.6,394.62,12.4,0,0.00880197891964827,train
0.1029,30,4.93,0,0.428,6.358,52.9,7.0355,0,0,0,1,0,300,16.6,372.75,11.22,1,0.98241622004098506,test
0.12757,30,4.93,0,0.428,6.393,7.8,7.0355,0,0,0,1,0,300,16.6,374.71,5.19,1,0.988674553774496,train
0.20608,22,5.86,0,0.431,5.593,76.5,7.9549,0,0,0,0,0,330,19.1,372.49,12.5,0,4.2268979650691124e-5,train
0.19133,22,5.86,0,0.431,5.605,70.2,7.9549,0,0,0,0,0,330,19.1,389.13,18.46,0,2.7245697175968917e-5,train
0.33983,22,5.86,0,0.431,6.108,34.9,8.0555,0,0,0,0,0,330,19.1,390.18,9.16,1,0.8754284632088443,train
0.19657,22,5.86,0,0.431,6.226,79.2,8.0555,0,0,0,0,0,330,19.1,376.14,10.15,0,8.755055328438122e-4,test
0.16439,22,5.86,0,0.431,6.433,49.1,7.8265,0,0,0,0,0,330,19.1,374.71,9.52,1,0.9666440750811519,train
0.19073,22,5.86,0,0.431,6.718,17.5,7.8265,0,0,0,0,0,330,19.1,393.74,6.56,1,0.9801355562065303,train
0.1403,22,5.86,0,0.431,6.487,13,7.3967,0,0,0,0,0,330,19.1,396.28,5.9,1,0.9963957197659015,test
0.21409,22,5.86,0,0.431,6.438,8.9,7.3967,0,0,0,0,0,330,19.1,377.07,3.59,1,0.9996150248957483,test
0.08221,22,5.86,0,0.431,6.957,6.8,8.9067,0,0,0,0,0,330,19.1,386.09,3.53,1,0.97436884140412,test
0.36894,22,5.86,0,0.431,8.259,8.4,8.9067,0,0,0,0,0,330,19.1,396.9,3.54,1,0.9999976324542057,train
0.04819,80,3.64,0,0.392,6.108,32,9.2203,0,0,0,0,0,315,16.4,392.89,6.57,1,0.9330947291600543,test
0.03548,80,3.64,0,0.392,5.876,19.1,9.2203,0,0,0,0,0,315,16.4,395.18,9.25,0,0.025349241585321966,train
0.01538,90,3.75,0,0.394,7.454,34.2,6.3361,1,0,0,0,0,244,15.9,386.34,3.11,1,1,train
0.61154,20,3.97,0,0.647,8.704,86.9,1.801,0,0,1,0,0,264,13,389.7,5.12,1,0.9999991891133114,train
0.66351,20,3.97,0,0.647,7.333,100,1.8946,0,0,1,0,0,264,13,383.29,7.79,1,1,train
0.65665,20,3.97,0,0.647,6.842,100,2.0107,0,0,1,0,0,264,13,391.93,6.9,1,1,test
0.54011,20,3.97,0,0.647,7.203,81.8,2.1121,0,0,1,0,0,264,13,392.8,9.59,1,1,train
0.53412,20,3.97,0,0.647,7.52,89.4,2.1398,0,0,1,0,0,264,13,388.37,7.26,1,0.999999592861499,train
0.52014,20,3.97,0,0.647,8.398,91.5,2.2885,0,0,1,0,0,264,13,386.86,5.91,1,0.9999991536178379,test
0.82526,20,3.97,0,0.647,7.327,94.5,2.0788,0,0,1,0,0,264,13,393.42,11.25,1,1,train
0.55007,20,3.97,0,0.647,7.206,91.6,1.9301,0,0,1,0,0,264,13,387.89,8.1,1,1,test
0.76162,20,3.97,0,0.647,5.56,62.8,1.9865,0,0,1,0,0,264,13,392.4,10.45,1,0.9999995124050919,train
0.7857,20,3.97,0,0.647,7.014,84.6,2.1329,0,0,1,0,0,264,13,384.07,14.79,1,1,train
0.57834,20,3.97,0,0.575,8.297,67,2.4216,0,0,1,0,0,264,13,384.54,7.44,1,0.9999991227693755,train
0.5405,20,3.97,0,0.575,7.47,52.6,2.872,0,0,1,0,0,264,13,390.3,3.16,1,0.9999983819833324,train
0.09065,20,6.96,1,0.464,5.92,61.5,3.9175,1,0,0,0,0,223,18.6,391.34,13.65,0,0.014716285416292229,train
0.29916,20,6.96,0,0.464,5.856,42.1,4.429,1,0,0,0,0,223,18.6,388.65,13,0,0.9565559911267607,test
0.16211,20,6.96,0,0.464,6.24,16.3,4.429,1,0,0,0,0,223,18.6,396.9,6.59,1,0.9994757729906074,test
0.1146,20,6.96,0,0.464,6.538,58.7,3.9175,1,0,0,0,0,223,18.6,394.96,7.73,1,0.996752790274263,test
0.22188,20,6.96,1,0.464,7.691,51.8,4.3665,1,0,0,0,0,223,18.6,390.77,6.58,1,0.9999200807024309,test
0.05644,40,6.41,1,0.447,6.758,32.9,4.0776,0,1,0,0,0,254,17.6,396.9,3.53,1,0.9939445698377607,test
0.09604,40,6.41,0,0.447,6.854,42.8,4.2673,0,1,0,0,0,254,17.6,396.9,2.98,1,0.9999975117117524,test
0.10469,40,6.41,1,0.447,7.267,49,4.7872,0,1,0,0,0,254,17.6,389.25,6.05,1,0.9999956927378223,test
0.06127,40,6.41,1,0.447,6.826,27.6,4.8628,0,1,0,0,0,254,17.6,393.45,4.16,1,0.99727071939446,train
0.07978,40,6.41,0,0.447,6.482,32.1,4.1403,0,1,0,0,0,254,17.6,396.9,7.19,1,0.9999974314324473,train
0.21038,20,3.33,0,0.4429,6.812,32.2,4.1007,0,0,1,0,0,216,14.9,396.9,4.85,1,0.9999983300385423,train
0.03578,20,3.33,0,0.4429,7.82,64.5,4.6947,0,0,1,0,0,216,14.9,387.31,3.76,1,0.9999983647247803,train
0.03705,20,3.33,0,0.4429,6.968,37.2,5.2447,0,0,1,0,0,216,14.9,392.23,4.59,1,0.9999983250520489,test
0.06129,20,3.33,1,0.4429,7.645,49.7,5.2119,0,0,1,0,0,216,14.9,377.07,3.01,1,0.9999986862730007,train
0.01501,90,1.21,1,0.401,7.923,24.8,5.885,0,0,0,0,0,198,13.6,395.52,3.16,1,0.9999983032996995,train
0.00906,90,2.97,0,0.4,7.088,20.8,7.3073,0,0,0,0,0,285,15.3,394.72,7.85,1,0.9999957456062727,train
0.01096,55,2.25,0,0.389,6.453,31.9,7.3073,0,0,0,0,0,300,15.3,394.72,8.23,1,0.9984581210037923,train
0.01965,80,1.76,0,0.385,6.23,31.5,9.0892,0,0,0,0,0,241,18.2,341.6,12.93,0,6.232050489373466e-5,train
0.03871,52.5,5.32,0,0.405,6.209,31.3,7.3172,0,0,0,1,0,293,16.6,396.9,7.14,1,0.937446138605701,test
0.0459,52.5,5.32,0,0.405,6.315,45.6,7.3172,0,0,0,1,0,293,16.6,396.9,7.6,1,0.8959785852770117,train
0.04297,52.5,5.32,0,0.405,6.565,22.9,7.3172,0,0,0,1,0,293,16.6,371.72,9.51,1,0.9985062838790656,train
0.03502,80,4.95,0,0.411,6.861,27.9,5.1167,0,1,0,0,0,245,19.2,396.9,3.33,1,0.9981463563894867,train
0.07886,80,4.95,0,0.411,7.148,27.7,5.1167,0,1,0,0,0,245,19.2,396.9,3.56,1,0.9999865448648918,train
0.03615,80,4.95,0,0.411,6.63,23.4,5.1167,0,1,0,0,0,245,19.2,396.9,4.7,1,0.9938765064467551,test
0.08265,0,13.92,0,0.437,6.127,18.4,5.5027,0,1,0,0,0,289,16,396.9,8.58,1,0.99999795637992,train
0.08199,0,13.92,0,0.437,6.009,42.3,5.5027,0,1,0,0,0,289,16,396.9,10.4,1,0.9999971584008388,test
0.12932,0,13.92,0,0.437,6.678,31.1,5.9604,0,1,0,0,0,289,16,396.9,6.27,1,0.9999980868087855,test
0.05372,0,13.92,0,0.437,6.549,51,5.9604,0,1,0,0,0,289,16,392.85,7.39,1,0.999998032843196,train
0.14103,0,13.92,0,0.437,5.79,58,6.32,0,1,0,0,0,289,16,396.9,15.84,0,0.23462799446279275,test
0.06466,70,2.24,0,0.4,6.345,20.1,7.8278,0,0,1,0,0,358,14.8,368.24,4.97,1,0.9999979902187635,train
0.05561,70,2.24,0,0.4,7.041,10,7.8278,0,0,1,0,0,358,14.8,371.58,4.74,1,0.9999982273906767,test
0.04417,70,2.24,0,0.4,6.871,47.4,7.8278,0,0,1,0,0,358,14.8,390.86,6.07,1,0.9999982340061583,train
0.03537,34,6.09,0,0.433,6.59,40.4,5.4917,0,0,0,0,0,329,16.1,395.75,9.5,1,0.9994305493366901,test
0.09266,34,6.09,0,0.433,6.495,18.4,5.4917,0,0,0,0,0,329,16.1,383.61,8.67,1,0.999279826540532,train
0.1,34,6.09,0,0.433,6.982,17.7,5.4917,0,0,0,0,0,329,16.1,390.43,4.86,1,0.9999847378663144,train
0.05515,33,2.18,0,0.472,7.236,41.1,4.022,0,0,0,0,0,222,18.4,393.68,6.93,1,0.999994544312339,train
0.05479,33,2.18,0,0.472,6.616,58.1,3.37,0,0,0,0,0,222,18.4,393.36,8.93,1,0.9923123314271222,test
0.07503,33,2.18,0,0.472,7.42,71.9,3.0992,0,0,0,0,0,222,18.4,396.9,6.47,1,0.9999960323450754,train
0.04932,33,2.18,0,0.472,6.849,70.3,3.1827,0,0,0,0,0,222,18.4,396.9,7.53,1,0.9959687079707544,train
0.49298,0,9.9,0,0.544,6.635,82.5,3.3175,0,1,0,0,0,304,18.4,396.9,4.54,1,0.998336563923556,train
0.3494,0,9.9,0,0.544,5.972,76.7,3.1025,0,1,0,0,0,304,18.4,396.24,9.97,0,0.09366364747228188,train
2.63548,0,9.9,0,0.544,4.973,37.8,2.5194,0,1,0,0,0,304,18.4,350.45,12.64,0,0.13654598308066188,test
0.79041,0,9.9,0,0.544,6.122,52.8,2.6403,0,1,0,0,0,304,18.4,396.9,5.98,1,0.9913870402515382,train
0.26169,0,9.9,0,0.544,6.023,90.4,2.834,0,1,0,0,0,304,18.4,396.3,11.72,0,0.002724581938193193,test
0.26938,0,9.9,0,0.544,6.266,82.8,3.2628,0,1,0,0,0,304,18.4,393.39,7.9,1,0.9883321767141161,train
0.3692,0,9.9,0,0.544,6.567,87.3,3.6023,0,1,0,0,0,304,18.4,395.69,9.28,1,0.9999375807611396,test
0.25356,0,9.9,0,0.544,5.705,77.7,3.945,0,1,0,0,0,304,18.4,396.42,11.5,0,8.294771705152753e-5,train
0.31827,0,9.9,0,0.544,5.914,83.2,3.9986,0,1,0,0,0,304,18.4,390.7,18.33,0,0.009722995187683105,train
0.24522,0,9.9,0,0.544,5.782,71.7,4.0317,0,1,0,0,0,304,18.4,396.9,15.94,0,2.791920316017471e-4,test
0.40202,0,9.9,0,0.544,6.382,67.2,3.5325,0,1,0,0,0,304,18.4,395.21,10.36,1,0.9999407175229708,train
0.47547,0,9.9,0,0.544,6.113,58.8,4.0019,0,1,0,0,0,304,18.4,396.23,12.73,0,0.9474224953436767,test
0.1676,0,7.38,0,0.493,6.426,52.3,4.5404,0,0,1,0,0,287,19.6,396.9,7.2,1,0.999768785970515,train
0.18159,0,7.38,0,0.493,6.376,54.3,4.5404,0,0,1,0,0,287,19.6,396.9,6.87,1,0.9978072921382253,train
0.35114,0,7.38,0,0.493,6.041,49.9,4.7211,0,0,1,0,0,287,19.6,396.9,7.7,0,0.0013431794731263752,train
0.28392,0,7.38,0,0.493,5.708,74.3,4.7211,0,0,1,0,0,287,19.6,391.13,11.74,0,4.586122489261177e-4,train
0.34109,0,7.38,0,0.493,6.415,40.1,4.7211,0,0,1,0,0,287,19.6,396.9,6.12,1,0.9999676363639964,test
0.19186,0,7.38,0,0.493,6.431,14.7,5.4159,0,0,1,0,0,287,19.6,393.68,5.08,1,1,test
0.30347,0,7.38,0,0.493,6.312,28.9,5.4159,0,0,1,0,0,287,19.6,396.9,6.15,1,0.999846337071459,test
0.24103,0,7.38,0,0.493,6.083,43.7,5.4159,0,0,1,0,0,287,19.6,396.9,12.79,1,0.14907572729532886,train
0.06617,0,3.24,0,0.46,5.868,25.8,5.2146,0,1,0,0,0,430,16.9,382.44,9.97,0,0.998950847214539,test
0.06724,0,3.24,0,0.46,6.333,17.2,5.2146,0,1,0,0,0,430,16.9,375.21,7.34,1,0.9999940073059974,train
0.04544,0,3.24,0,0.46,6.144,32.2,5.8736,0,1,0,0,0,430,16.9,368.57,9.09,0,0.9998248105964326,test
0.05023,35,6.06,0,0.4379,5.706,28.4,6.6407,0,0,0,0,0,304,16.9,394.02,12.43,0,0.1934428976483492,test
0.03466,35,6.06,0,0.4379,6.031,23.3,6.6407,0,0,0,0,0,304,16.9,362.25,7.83,0,0.9786982743608873,test
0.05083,0,5.19,0,0.515,6.316,38.1,6.4584,0,0,1,0,0,224,20.2,389.71,5.68,1,0.7610162989830264,train
0.03738,0,5.19,0,0.515,6.31,38.5,6.4584,0,0,1,0,0,224,20.2,389.4,6.75,0,0.4757188677468903,train
0.03961,0,5.19,0,0.515,6.037,34.5,5.9853,0,0,1,0,0,224,20.2,396.9,8.01,0,0.0014075844511644293,train
0.03427,0,5.19,0,0.515,5.869,46.3,5.2311,0,0,1,0,0,224,20.2,396.9,9.8,0,3.4230725175696686e-4,test
0.03041,0,5.19,0,0.515,5.895,59.6,5.615,0,0,1,0,0,224,20.2,394.81,10.56,0,2.380296235429411e-4,test
0.03306,0,5.19,0,0.515,6.059,37.3,4.8122,0,0,1,0,0,224,20.2,396.14,8.51,0,0.035769589656338634,train
0.05497,0,5.19,0,0.515,5.985,45.4,4.8122,0,0,1,0,0,224,20.2,396.9,9.74,0,0.0038694670916279766,test
0.06151,0,5.19,0,0.515,5.968,58.5,4.8122,0,0,1,0,0,224,20.2,396.9,9.29,0,4.8615594932229785e-4,train
0.01301,35,1.52,0,0.442,7.241,49.3,7.0379,0,0,0,0,0,284,15.5,394.74,5.49,1,0.999997485598269,train
0.02498,0,1.89,0,0.518,6.54,59.7,6.2669,0,0,0,0,0,422,15.9,389.96,8.65,0,0.10562701386508289,train
0.02543,55,3.78,0,0.484,6.696,56.4,5.7321,0,0,1,0,0,370,17.6,396.9,7.18,1,0.9999798323669601,train
0.03049,55,3.78,0,0.484,6.874,28.1,6.4654,0,0,1,0,0,370,17.6,387.97,4.61,1,0.999996912348096,train
0.03113,0,4.39,0,0.442,6.014,48.5,8.0136,1,0,0,0,0,352,18.8,385.64,10.53,0,4.8720344445864844e-5,train
0.06162,0,4.39,0,0.442,5.898,52.3,8.0136,1,0,0,0,0,352,18.8,364.61,12.67,0,9.634479652143148e-7,train
0.0187,85,4.15,0,0.429,6.516,27.7,8.5353,0,1,0,0,0,351,17.9,392.43,6.36,1,0.8852668037568687,test
0.01501,80,2.01,0,0.435,6.635,29.7,8.344,0,1,0,0,0,280,17,390.94,5.99,1,0.9997699547571007,test
0.02899,40,1.25,0,0.429,6.939,34.5,8.7921,0,0,0,0,0,335,19.7,389.85,5.89,1,0.9794735059296661,train
0.06211,40,1.25,0,0.429,6.49,44.4,8.7921,0,0,0,0,0,335,19.7,396.9,5.98,1,0.9783125863927234,test
0.0795,60,1.69,0,0.411,6.579,35.9,10.7103,0,1,0,0,0,411,18.3,370.78,5.49,1,0.9690702394752722,train
0.07244,60,1.69,0,0.411,5.884,18.5,10.7103,0,1,0,0,0,411,18.3,392.33,7.79,0,0.002777906939364277,test
0.01709,90,2.02,0,0.41,6.728,36.1,12.1265,0,0,1,0,0,187,17,384.46,4.5,1,0.4414036745226989,test
0.04301,80,1.91,0,0.413,5.663,21.9,10.5857,0,1,0,0,0,334,22,382.8,8.05,0,5.104459548821768e-5,train
0.10659,80,1.91,0,0.413,5.936,19.5,10.5857,0,1,0,0,0,334,22,376.04,5.57,0,5.1041599400929805e-5,train
8.98296,0,18.1,1,0.77,6.212,97.4,2.1222,0,0,0,0,1,666,20.2,377.73,17.6,0,9.236540254124127e-4,test
3.8497,0,18.1,1,0.77,6.395,91,2.5052,0,0,0,0,1,666,20.2,391.34,13.27,1,0.9993991858020946,test
5.20177,0,18.1,1,0.77,6.127,83.4,2.7227,0,0,0,0,1,666,20.2,395.43,11.48,1,0.9960622138722731,train
4.26131,0,18.1,0,0.77,6.112,81.3,2.5091,0,0,0,0,1,666,20.2,390.74,12.67,1,0.04304043188736102,test
4.54192,0,18.1,0,0.77,6.398,88,2.5182,0,0,0,0,1,666,20.2,374.56,7.79,1,7.17987269670447e-4,test
3.83684,0,18.1,0,0.77,6.251,91.1,2.2955,0,0,0,0,1,666,20.2,350.65,14.19,0,8.831807984823004e-4,train
3.67822,0,18.1,0,0.77,5.362,96.2,2.1036,0,0,0,0,1,666,20.2,380.79,10.19,0,0.2992070508934404,train
4.22239,0,18.1,1,0.77,5.803,89,1.9047,0,0,0,0,1,666,20.2,353.04,14.64,0,0.0028622297026502253,train
3.47428,0,18.1,1,0.718,8.78,82.9,1.9047,0,0,0,0,1,666,20.2,354.55,5.29,1,0.9998383904984839,test
4.55587,0,18.1,0,0.718,3.561,87.9,1.6132,0,0,0,0,1,666,20.2,354.7,7.12,1,0.830602034481955,train
3.69695,0,18.1,0,0.718,4.963,91.4,1.7523,0,0,0,0,1,666,20.2,316.03,14,1,0.9637883022483998,train
13.5222,0,18.1,0,0.631,3.863,100,1.5106,0,0,0,0,1,666,20.2,131.42,13.33,1,0.8311580154024588,train
4.89822,0,18.1,0,0.631,4.97,100,1.3325,0,0,0,0,1,666,20.2,375.52,3.26,1,0.9171306655193948,train
5.66998,0,18.1,1,0.631,6.683,96.8,1.3567,0,0,0,0,1,666,20.2,375.33,3.73,1,0.9998451057369205,test
6.53876,0,18.1,1,0.631,7.016,97.5,1.2024,0,0,0,0,1,666,20.2,392.05,2.96,1,0.999845677125888,train
9.2323,0,18.1,0,0.631,6.216,100,1.1691,0,0,0,0,1,666,20.2,366.15,9.53,1,0.8731335889946431,train
8.26725,0,18.1,1,0.668,5.875,89.6,1.1296,0,0,0,0,1,666,20.2,347.88,8.88,1,0.5938230855303369,test
11.1081,0,18.1,0,0.668,4.906,100,1.1742,0,0,0,0,1,666,20.2,396.9,34.77,0,0.0011628199867345752,test
18.4982,0,18.1,0,0.668,4.138,100,1.137,0,0,0,0,1,666,20.2,396.9,37.97,0,0.0013813264215103546,train
19.6091,0,18.1,0,0.671,7.313,97.9,1.3163,0,0,0,0,1,666,20.2,396.9,13.44,0,0.0023635170920311625,test
15.288,0,18.1,0,0.671,6.649,93.3,1.3449,0,0,0,0,1,666,20.2,363.02,23.24,0,4.27552616843189e-4,train
9.82349,0,18.1,0,0.671,6.794,98.8,1.358,0,0,0,0,1,666,20.2,396.9,21.24,0,0.0028602770897787674,train
23.6482,0,18.1,0,0.671,6.38,96.2,1.3861,0,0,0,0,1,666,20.2,396.9,23.69,0,2.0721096879300318e-5,test
17.8667,0,18.1,0,0.671,6.223,100,1.3861,0,0,0,0,1,666,20.2,393.74,21.78,0,1.4846792908911592e-4,test
88.9762,0,18.1,0,0.671,6.968,91.9,1.4165,0,0,0,0,1,666,20.2,396.9,17.21,0,4.679957099287978e-6,test
15.8744,0,18.1,0,0.671,6.545,99.1,1.5192,0,0,0,0,1,666,20.2,396.9,21.08,0,1.9771452677717934e-4,train
9.18702,0,18.1,0,0.7,5.536,100,1.5804,0,0,0,0,1,666,20.2,396.9,23.6,0,0.003701126263243857,train
7.99248,0,18.1,0,0.7,5.52,100,1.5331,0,0,0,0,1,666,20.2,396.9,24.56,0,0.0049908383766228285,test
20.0849,0,18.1,0,0.7,4.368,91.2,1.4395,0,0,0,0,1,666,20.2,285.83,30.63,0,8.142151226757259e-4,train
16.8118,0,18.1,0,0.7,5.277,98.1,1.4261,0,0,0,0,1,666,20.2,396.9,30.81,0,5.1155775337211996e-5,train
24.3938,0,18.1,0,0.7,4.652,100,1.4672,0,0,0,0,1,666,20.2,396.9,28.28,0,0.002397313464335876,test
22.5971,0,18.1,0,0.7,5,89.5,1.5184,0,0,0,0,1,666,20.2,396.9,31.99,0,0.0016931377953171812,train
14.3337,0,18.1,0,0.7,4.88,100,1.5895,0,0,0,0,1,666,20.2,372.92,30.62,0,4.458228818428056e-5,train
8.15174,0,18.1,0,0.7,5.39,98.9,1.7281,0,0,0,0,1,666,20.2,396.9,20.85,0,0.07474163378788558,train
6.96215,0,18.1,0,0.7,5.713,97,1.9265,0,0,0,0,1,666,20.2,394.43,17.11,0,0.07290128876436212,train
5.29305,0,18.1,0,0.7,6.051,82.5,2.1678,0,0,0,0,1,666,20.2,378.38,18.76,1,0.39161173028754365,train
11.5779,0,18.1,0,0.7,5.036,97,1.77,0,0,0,0,1,666,20.2,396.9,25.68,0,0.009418351423873057,train
8.64476,0,18.1,0,0.693,6.193,92.6,1.7912,0,0,0,0,1,666,20.2,396.9,15.17,0,0.22443212851278094,train
13.3598,0,18.1,0,0.693,5.887,94.7,1.7821,0,0,0,0,1,666,20.2,396.9,16.35,0,0.05117622868522199,test
8.71675,0,18.1,0,0.693,6.471,98.8,1.7257,0,0,0,0,1,666,20.2,391.98,17.12,0,0.0025534381498094616,test
5.87205,0,18.1,0,0.693,6.405,96,1.6768,0,0,0,0,1,666,20.2,396.9,19.37,0,0.006837144013332945,train
7.67202,0,18.1,0,0.693,5.747,98.9,1.6334,0,0,0,0,1,666,20.2,393.1,19.92,0,0.03898426288023496,train
38.3518,0,18.1,0,0.693,5.453,100,1.4896,0,0,0,0,1,666,20.2,396.9,30.59,0,8.594131798867192e-7,test
9.91655,0,18.1,0,0.693,5.852,77.8,1.5004,0,0,0,0,1,666,20.2,338.16,29.97,0,0.019521724597435876,train
25.0461,0,18.1,0,0.693,5.987,100,1.5888,0,0,0,0,1,666,20.2,396.9,26.77,0,2.432765829319554e-6,train
14.2362,0,18.1,0,0.693,6.343,100,1.5741,0,0,0,0,1,666,20.2,396.9,20.32,0,1.883523409465186e-4,test
9.59571,0,18.1,0,0.693,6.404,100,1.639,0,0,0,0,1,666,20.2,376.11,20.31,0,9.806761541737907e-4,train
24.8017,0,18.1,0,0.693,5.349,96,1.7028,0,0,0,0,1,666,20.2,396.9,19.77,0,0.015903168655982187,test
41.5292,0,18.1,0,0.693,5.531,85.4,1.6074,0,0,0,0,1,666,20.2,329.46,27.38,0,3.2849127514216556e-5,train
67.9208,0,18.1,0,0.693,5.683,100,1.4254,0,0,0,0,1,666,20.2,384.97,22.98,0,2.3753682846273553e-6,train
20.7162,0,18.1,0,0.659,4.138,100,1.1781,0,0,0,0,1,666,20.2,370.22,23.34,0,0.050757110138570934,test
11.9511,0,18.1,0,0.659,5.608,100,1.2852,0,0,0,0,1,666,20.2,332.09,12.13,1,0.8342592286289096,test
7.40389,0,18.1,0,0.597,5.617,97.9,1.4547,0,0,0,0,1,666,20.2,314.64,26.4,0,0.008845251288586032,train
14.4383,0,18.1,0,0.597,6.852,100,1.4655,0,0,0,0,1,666,20.2,179.36,19.78,1,0.005124968372993826,test
51.1358,0,18.1,0,0.597,5.757,100,1.413,0,0,0,0,1,666,20.2,2.6,10.11,0,8.432346123518515e-6,train
14.0507,0,18.1,0,0.597,6.657,100,1.5275,0,0,0,0,1,666,20.2,35.05,21.22,0,0.004238500514671288,train
18.811,0,18.1,0,0.597,4.628,100,1.5539,0,0,0,0,1,666,20.2,28.79,34.37,0,3.3790945034602803e-6,train
28.6558,0,18.1,0,0.597,5.155,100,1.5894,0,0,0,0,1,666,20.2,210.97,20.08,0,2.0860617210889138e-5,train
45.7461,0,18.1,0,0.693,4.519,100,1.6582,0,0,0,0,1,666,20.2,88.27,36.98,0,0,test
18.0846,0,18.1,0,0.679,6.434,100,1.8347,0,0,0,0,1,666,20.2,27.25,29.05,0,2.2108365181396494e-5,test
10.8342,0,18.1,0,0.679,6.782,90.8,1.8195,0,0,0,0,1,666,20.2,21.57,25.79,0,6.949973100386876e-4,test
25.9406,0,18.1,0,0.679,5.304,89.1,1.6475,0,0,0,0,1,666,20.2,127.36,26.64,0,5.54471571705543e-7,train
73.5341,0,18.1,0,0.679,5.957,100,1.8026,0,0,0,0,1,666,20.2,16.45,20.62,0,0,test
11.8123,0,18.1,0,0.718,6.824,76.5,1.794,0,0,0,0,1,666,20.2,48.45,22.74,0,9.54238119631284e-4,train
11.0874,0,18.1,0,0.718,6.411,100,1.8589,0,0,0,0,1,666,20.2,318.75,15.02,0,0.001014825289811423,test
7.02259,0,18.1,0,0.718,6.006,95.3,1.8746,0,0,0,0,1,666,20.2,319.98,15.7,0,0.0032416313705170632,train
12.0482,0,18.1,0,0.614,5.648,87.6,1.9512,0,0,0,0,1,666,20.2,291.55,14.1,0,0.7621791988383666,test
7.05042,0,18.1,0,0.614,6.103,85.1,2.0218,0,0,0,0,1,666,20.2,2.52,23.29,0,0.00250654855336787,train
8.79212,0,18.1,0,0.584,5.565,70.6,2.0635,0,0,0,0,1,666,20.2,3.65,17.16,0,0.007132370064163631,train
15.8603,0,18.1,0,0.679,5.896,95.4,1.9096,0,0,0,0,1,666,20.2,7.68,24.39,0,1.6275524051228015e-4,train
12.2472,0,18.1,0,0.584,5.837,59.7,1.9976,0,0,0,0,1,666,20.2,24.65,15.69,0,0.13172576311775144,train
37.6619,0,18.1,0,0.679,6.202,78.7,1.8629,0,0,0,0,1,666,20.2,18.82,14.52,0,8.079537092336638e-6,train
7.36711,0,18.1,0,0.679,6.193,78.1,1.9356,0,0,0,0,1,666,20.2,96.73,21.52,0,0.002397829159456583,train
9.33889,0,18.1,0,0.679,6.38,95.6,1.9682,0,0,0,0,1,666,20.2,60.72,24.08,0,0.0010947683923832724,train
8.49213,0,18.1,0,0.584,6.348,86.1,2.0527,0,0,0,0,1,666,20.2,83.45,17.64,0,0.005896542152681816,test
10.0623,0,18.1,0,0.584,6.833,94.3,2.0882,0,0,0,0,1,666,20.2,81.33,19.69,0,0.005542595483477749,train
6.44405,0,18.1,0,0.584,6.425,74.8,2.2004,0,0,0,0,1,666,20.2,97.95,12.03,0,0.007497224692645014,test
5.58107,0,18.1,0,0.713,6.436,87.9,2.3158,0,0,0,0,1,666,20.2,100.19,16.22,0,0.004278034359363579,test
13.9134,0,18.1,0,0.713,6.208,95,2.2222,0,0,0,0,1,666,20.2,100.63,15.17,0,0.0013348897433101614,test
11.1604,0,18.1,0,0.74,6.629,94.6,2.1247,0,0,0,0,1,666,20.2,109.85,23.27,0,2.2163485135609439e-4,train
14.4208,0,18.1,0,0.74,6.461,93.3,2.0026,0,0,0,0,1,666,20.2,27.49,18.05,0,0.0011111815063343594,train
15.1772,0,18.1,0,0.74,6.152,100,1.9142,0,0,0,0,1,666,20.2,9.32,26.45,0,1.8093064179996486e-5,train
13.6781,0,18.1,0,0.74,5.935,87.9,1.8206,0,0,0,0,1,666,20.2,68.95,34.02,0,9.15761954030867e-7,train
9.39063,0,18.1,0,0.74,5.627,93.9,1.8172,0,0,0,0,1,666,20.2,396.9,22.88,0,0.0015383613207342022,test
22.0511,0,18.1,0,0.74,5.818,92.4,1.8662,0,0,0,0,1,666,20.2,391.45,22.11,0,5.7187769482958505e-5,test
9.72418,0,18.1,0,0.74,6.406,97.2,2.0651,0,0,0,0,1,666,20.2,385.96,19.52,0,6.579455457415095e-5,train
5.66637,0,18.1,0,0.74,6.219,100,2.0048,0,0,0,0,1,666,20.2,395.69,16.59,0,7.892526515990357e-4,train
9.96654,0,18.1,0,0.74,6.485,100,1.9784,0,0,0,0,1,666,20.2,386.73,18.85,0,1.0194144934197378e-4,train
12.8023,0,18.1,0,0.74,5.854,96.6,1.8956,0,0,0,0,1,666,20.2,240.52,23.79,0,1.2189515202492911e-5,test
10.6718,0,18.1,0,0.74,6.459,94.8,1.9879,0,0,0,0,1,666,20.2,43.06,23.98,0,2.6941536479721897e-4,test
6.28807,0,18.1,0,0.74,6.341,96.4,2.072,0,0,0,0,1,666,20.2,318.01,17.79,0,8.16417040787881e-4,test
9.92485,0,18.1,0,0.74,6.251,96.6,2.198,0,0,0,0,1,666,20.2,388.52,16.44,0,8.835164955249368e-5,test
9.32909,0,18.1,0,0.713,6.185,98.7,2.2616,0,0,0,0,1,666,20.2,396.9,18.13,0,8.944204529196812e-5,test
7.52601,0,18.1,0,0.713,6.417,98.3,2.185,0,0,0,0,1,666,20.2,304.21,19.31,0,6.399231797276027e-4,train
6.71772,0,18.1,0,0.713,6.749,92.6,2.3236,0,0,0,0,1,666,20.2,0.32,17.44,0,0.004152159395781326,test
5.44114,0,18.1,0,0.713,6.655,98.2,2.3552,0,0,0,0,1,666,20.2,355.29,17.73,0,8.79302796454104e-4,train
5.09017,0,18.1,0,0.713,6.297,91.8,2.3682,0,0,0,0,1,666,20.2,385.09,17.27,0,8.433491330308154e-4,train
8.24809,0,18.1,0,0.713,7.393,99.3,2.4527,0,0,0,0,1,666,20.2,375.87,16.74,0,0.09860023820357923,train
9.51363,0,18.1,0,0.713,6.728,94.1,2.4961,0,0,0,0,1,666,20.2,6.68,18.71,0,0.0024998782569416616,test
4.75237,0,18.1,0,0.713,6.525,86.5,2.4358,0,0,0,0,1,666,20.2,50.92,18.13,0,0.0037461311143109797,train
4.66883,0,18.1,0,0.713,5.976,87.9,2.5806,0,0,0,0,1,666,20.2,10.48,19.01,0,0.0023440491732142554,test
8.20058,0,18.1,0,0.713,5.936,80.3,2.7792,0,0,0,0,1,666,20.2,3.5,16.94,0,0.0017025966570967542,train
7.75223,0,18.1,0,0.713,6.301,83.7,2.7831,0,0,0,0,1,666,20.2,272.21,16.23,0,2.3143344521100727e-4,test
6.80117,0,18.1,0,0.713,6.081,84.4,2.7175,0,0,0,0,1,666,20.2,396.9,14.7,0,0.009499005122051731,test
4.81213,0,18.1,0,0.713,6.701,90,2.5975,0,0,0,0,1,666,20.2,255.23,16.42,0,0.002014986042992098,train
3.69311,0,18.1,0,0.713,6.376,88.4,2.5671,0,0,0,0,1,666,20.2,391.43,14.65,0,0.002356433645346243,train
6.65492,0,18.1,0,0.713,6.317,83,2.7344,0,0,0,0,1,666,20.2,396.9,13.99,0,0.004584606524641347,test
5.82115,0,18.1,0,0.713,6.513,89.9,2.8016,0,0,0,0,1,666,20.2,393.82,10.29,0,4.187342915513029e-4,train
7.83932,0,18.1,0,0.655,6.209,65.4,2.9634,0,0,0,0,1,666,20.2,396.9,13.22,1,0.49261186819744124,train
3.1636,0,18.1,0,0.655,5.759,48.2,3.0665,0,0,0,0,1,666,20.2,334.4,14.13,0,0.532010937802217,test
3.77498,0,18.1,0,0.655,5.952,84.7,2.8715,0,0,0,0,1,666,20.2,22.01,17.15,0,0.004487515950621856,train
4.42228,0,18.1,0,0.584,6.003,94.5,2.5403,0,0,0,0,1,666,20.2,331.29,21.32,0,0.00318355441582426,train
15.5757,0,18.1,0,0.58,5.926,71,2.9084,0,0,0,0,1,666,20.2,368.74,18.13,0,0.20554368427365752,test
13.0751,0,18.1,0,0.58,5.713,56.7,2.8237,0,0,0,0,1,666,20.2,396.9,14.76,0,0.47890991659381804,train
4.34879,0,18.1,0,0.58,6.167,84,3.0334,0,0,0,0,1,666,20.2,396.9,16.29,0,0.16810650418816028,test
4.03841,0,18.1,0,0.532,6.229,90.7,3.0993,0,0,0,0,1,666,20.2,395.33,12.87,0,0.05694179147676461,test
3.56868,0,18.1,0,0.58,6.437,75,2.8965,0,0,0,0,1,666,20.2,393.37,14.36,1,0.9799700321434587,train
4.64689,0,18.1,0,0.614,6.98,67.6,2.5329,0,0,0,0,1,666,20.2,374.68,11.66,1,1,train
8.05579,0,18.1,0,0.584,5.427,95.4,2.4298,0,0,0,0,1,666,20.2,352.58,18.14,0,0.09945702996215254,train
6.39312,0,18.1,0,0.584,6.162,97.4,2.206,0,0,0,0,1,666,20.2,302.76,24.1,0,0.0026345688285905108,test
4.87141,0,18.1,0,0.614,6.484,93.6,2.3053,0,0,0,0,1,666,20.2,396.21,18.68,0,0.0064134374831977085,train
15.0234,0,18.1,0,0.614,5.304,97.3,2.1007,0,0,0,0,1,666,20.2,349.48,24.91,0,1.5352290832953584e-4,train
10.233,0,18.1,0,0.614,6.185,96.7,2.1705,0,0,0,0,1,666,20.2,379.7,18.03,0,0.0026938905136517435,train
14.3337,0,18.1,0,0.614,6.229,88,1.9512,0,0,0,0,1,666,20.2,383.32,13.11,1,0.7835595931919341,train
5.82401,0,18.1,0,0.532,6.242,64.7,3.4242,0,0,0,0,1,666,20.2,396.9,10.74,1,0.9109439180301947,train
5.70818,0,18.1,0,0.532,6.75,74.9,3.3317,0,0,0,0,1,666,20.2,393.07,7.74,1,0.9999932968633437,train
5.73116,0,18.1,0,0.532,7.061,77,3.4106,0,0,0,0,1,666,20.2,395.28,7.01,1,0.9997462092660827,train
2.81838,0,18.1,0,0.532,5.762,40.3,4.0983,0,0,0,0,1,666,20.2,392.92,10.42,1,0.09383705475818589,test
2.37857,0,18.1,0,0.583,5.871,41.9,3.724,0,0,0,0,1,666,20.2,370.73,13.34,0,0.09723261975656611,train
3.67367,0,18.1,0,0.583,6.312,51.9,3.9917,0,0,0,0,1,666,20.2,388.62,10.58,1,0.9580449820071919,train
5.69175,0,18.1,0,0.583,6.114,79.8,3.5459,0,0,0,0,1,666,20.2,392.68,14.98,0,0.018346192050959036,train
4.83567,0,18.1,0,0.583,5.905,53.2,3.1523,0,0,0,0,1,666,20.2,388.22,11.45,0,0.4550857833547296,train
0.15086,0,27.74,0,0.609,5.454,92.7,1.8209,0,1,0,0,0,711,20.1,395.09,18.06,0,0.00853360604319563,train
0.18337,0,27.74,0,0.609,5.414,98.3,1.7554,0,1,0,0,0,711,20.1,344.05,23.97,0,0.0037650024887207925,train
0.20746,0,27.74,0,0.609,5.093,98,1.8226,0,1,0,0,0,711,20.1,318.43,29.68,0,6.804086928758653e-4,train
0.10574,0,27.74,0,0.609,5.983,98.8,1.8681,0,1,0,0,0,711,20.1,390.11,18.07,0,0.00615242968999527,train
0.11132,0,27.74,0,0.609,5.983,83.5,2.1099,0,1,0,0,0,711,20.1,396.9,13.35,0,0.0014479866261165395,test
0.17331,0,9.69,0,0.585,5.707,54,2.3817,0,0,0,1,0,391,19.2,396.9,12.01,1,0.4101848777686974,test
0.27957,0,9.69,0,0.585,5.926,42.6,2.3817,0,0,0,1,0,391,19.2,396.9,13.59,1,0.9300071308331143,train
0.17899,0,9.69,0,0.585,5.67,28.8,2.7986,0,0,0,1,0,391,19.2,393.29,17.6,1,0.9710443821162984,test
0.2896,0,9.69,0,0.585,5.39,72.9,2.7986,0,0,0,1,0,391,19.2,396.9,21.14,0,0.005081619125845138,test
0.26838,0,9.69,0,0.585,5.794,70.6,2.8927,0,0,0,1,0,391,19.2,396.9,14.1,0,0.0028796023221342583,train
0.23912,0,9.69,0,0.585,6.019,65.3,2.4091,0,0,0,1,0,391,19.2,396.9,12.92,1,0.004269657164941935,test
0.17783,0,9.69,0,0.585,5.569,73.5,2.3999,0,0,0,1,0,391,19.2,395.77,15.1,0,0.0060059789228066604,train
0.22438,0,9.69,0,0.585,6.027,79.7,2.4982,0,0,0,1,0,391,19.2,396.9,14.33,0,0.0053514661120952385,test
0.06263,0,11.93,0,0.573,6.593,69.1,2.4786,0,0,0,0,0,273,21,391.99,9.67,1,0.9877051342448735,train
0.04527,0,11.93,0,0.573,6.12,76.7,2.2875,0,0,0,0,0,273,21,396.9,9.08,0,0.057486784078202485,train
0.06076,0,11.93,0,0.573,6.976,91,2.1675,0,0,0,0,0,273,21,396.9,5.64,1,0.9811790189722767,train
0.10959,0,11.93,0,0.573,6.794,89.3,2.3889,0,0,0,0,0,273,21,393.45,6.48,1,0.9645161908210933,train
0.04741,0,11.93,0,0.573,6.03,80.8,2.505,0,0,0,0,0,273,21,396.9,7.88,0,0.003946504886157927,train
