x1,x2,class,prob,sample
-0.7725931773893535,0.675267830491066,0,0.12728069124059876,train
0.24459880962967873,-0.025067498441785574,1,0.8656085582525426,train
0.21854946576058865,-0.7793260011821985,1,0.9824757946815408,train
0.24675888335332274,-0.2972739632241428,1,0.9348277980591613,test
0.7218307671137154,0.5221260734833777,1,0.7456916583388218,train
0.28062121057882905,-0.22067031264305115,1,0.9239235005737967,train
-0.9810084872879088,-0.08697199262678623,1,0.48761923303545984,test
-0.5348989879712462,-0.7853114884346724,1,0.9403106099989987,test
0.33216751646250486,0.9253498334437609,0,0.31639869893145384,test
0.028502282686531544,0.9761937209405005,0,0.19186752764546194,test
0.38718258356675506,-0.1923390682786703,1,0.9306010393938208,train
0.08994967117905617,0.7350821220315993,1,0.34818234920457247,train
-0.43453283281996846,-0.8732655947096646,1,0.9603040987343938,train
0.8468669685535133,0.3681198190897703,1,0.8507170971467355,train
-0.41536831948906183,0.37716356897726655,0,0.39120295105206154,train
0.6745912563055754,-0.37204407155513763,1,0.9737379820443244,train
-0.4275534306652844,0.27703853882849216,0,0.45762027091236296,train
-0.46635843999683857,0.2824725662358105,1,0.43730202649085825,train
-0.626554420683533,-0.014063066802918911,0,0.5847844721288394,test
-0.5355481789447367,0.7120008203200996,0,0.16412228933299525,train
-0.3667750903405249,-0.7092831330373883,1,0.9438336591510215,test
-0.39461325854063034,-0.1573572987690568,0,0.7609979513930661,test
-0.6819079942069948,-0.5984828150831163,1,0.8764198613738456,test
-0.9200081638991833,0.9577479171566665,0,0.04724276936914221,train
-0.5624009179882705,-0.01007359242066741,1,0.6083413538054231,train
0.6211971049197018,-0.2510651876218617,1,0.9595972343788503,test
0.05139509355649352,0.7007812205702066,0,0.3560688985769624,train
0.8293163320049644,0.3888017237186432,1,0.8388513141652131,test
0.6626900937408209,-0.2844837484881282,1,0.9656543939367342,test
-0.9084594734013081,-0.25279099494218826,1,0.6364226332164041,train
-0.0878170351497829,-0.616491227876395,1,0.9537545642457079,test
-0.469626656267792,0.5649826731532812,0,0.25259271004358896,train
-0.3906555939465761,-0.993153166025877,1,0.9737107526094474,test
0.014613740146160126,0.8620437877252698,0,0.24463447638269423,train
-0.6378075834363699,0.3788702506572008,0,0.3042369131944057,train
0.519341270904988,-0.49449565540999174,1,0.9760220285585215,test
-0.597503924742341,0.3308685328811407,0,0.3502771821556799,train
-0.4823803626932204,-0.04638137808069587,1,0.6644814586342068,train
0.9843008350580931,0.8095302977599204,1,0.6643251618321764,test
0.6147046806290746,-0.38898066198453307,1,0.9723560039183938,test
0.10666718147695065,0.8575484775938094,0,0.27747136140033174,test
0.2928121881559491,-0.47784467693418264,1,0.9634086576154127,train
-0.37635138584300876,-0.11375409876927733,1,0.7430134658656212,train
0.24363839626312256,0.41528963344171643,0,0.6391696233374654,test
-0.3404596485197544,0.8058891324326396,0,0.17228393348301554,train
0.003994945902377367,0.02624622406437993,0,0.7860816275904089,train
0.3541890545748174,0.0010480633936822414,1,0.877976437471653,train
-0.03001752169802785,-0.9004165842197835,1,0.9812281156403294,train
-0.5121423453092575,-0.5012196847237647,1,0.876982996423738,train
0.5309195751324296,0.5769621087238193,1,0.6431636590012076,train
-0.8524402398616076,-0.6036715139634907,1,0.8432830985445133,train
-0.38062679627910256,0.7621856792829931,0,0.18091197352790095,train
0.4345434866845608,-0.2713644211180508,1,0.9482515517009086,train
0.009091824293136597,-0.460100048687309,1,0.9390086336557791,train
-0.694002082105726,0.17994905402883887,1,0.4156180059974004,train
0.00786697631701827,-0.6690988345071673,1,0.9659046784960142,test
-0.012078153900802135,-0.021860433742403984,1,0.8045310486313368,train
0.502400394063443,0.9267672933638096,0,0.3813674873364345,train
-0.6507003521546721,0.15920586325228214,0,0.4486583159614204,test
0.6967848208732903,0.5815957980230451,1,0.70242429165941,test
0.72966766403988,0.15769240306690335,1,0.8962408203933627,train
-0.9162854496389627,0.08374927751719952,0,0.3920230430650036,test
-0.3656356893479824,0.5251433639787138,0,0.3120474980123693,test
-0.9725001216866076,-0.7154892981052399,1,0.8587767775745723,test
-0.5219485466368496,-0.21528651285916567,1,0.7521780493201783,train
0.4129892345517874,0.6074165352620184,0,0.5740810806986685,test
-0.3838104857131839,0.8980237785726786,0,0.12860781174518235,train
0.01709513133391738,-0.9230956290848553,1,0.9837506104932435,train
-0.8967067613266408,0.338391802739352,0,0.24032213529048943,train
0.12913967994973063,-0.6738334731198847,1,0.9724793499251235,train
-0.7570396256633103,-0.7673404146917164,1,0.9109267399741735,train
0.7856727633625269,-0.7351538576185703,1,0.9923537613075805,train
-0.9707454885356128,-0.2179509806446731,0,0.5869754801637153,train
0.5662422073073685,-0.5685133174993098,1,0.9820696789621606,train
-0.8200773340649903,0.3940639151260257,0,0.23450957940771608,train
0.038379961624741554,-0.6857463009655476,1,0.9690746176818611,test
-0.2314666248857975,-0.3189680324867368,1,0.8710181161635738,train
-0.8598950053565204,-0.33375005330890417,1,0.7067920979245869,train
-0.3587111555971205,0.2699019145220518,1,0.4921398992969915,train
0.33699079416692257,-0.18858357099816203,1,0.9240879033039758,train
0.8528009527362883,0.3359989831224084,1,0.8634700673471689,train
-0.05618055770173669,0.9901538942940533,0,0.16473105917184758,test
-0.7147693135775626,0.8075882773846388,0,0.09851299291891771,train
0.08853951003402472,-0.31940004229545593,1,0.9211340690912448,test
-0.60765069629997015,-0.48540264181792736,1,0.8525469881270996,train
0.7971609784290195,-0.3556229714304209,1,0.9775619090443669,train
-0.2210004306398332,-0.013468340039253235,1,0.7375800984040093,test
-0.37825844064354897,-0.9621525537222624,1,0.9718694816827033,train
-0.6799426740035415,-0.4297561920247972,0,0.81280130367339,train
0.7923716991208494,0.3174170395359397,1,0.8576125484805373,train
-0.6672124392352998,-0.7403136836364865,1,0.916774517539293,train
0.8008491923101246,-0.7683000504039228,1,0.9932325044958681,train
-0.7318436098285019,-0.9355379031039774,1,0.9458582736456703,test
-0.7367717316374183,-0.42280214512720704,1,0.7942745554860383,train
-0.7894249949604273,0.15502120787277818,0,0.39393625116945774,test
0.02316716220229864,-0.9228890002705157,1,0.9839059981505444,test
-0.39960189210250974,0.4525364157743752,0,0.34615042498979914,test
-0.9465662091970444,0.7927451077848673,0,0.07133702542054872,test
-0.38070513727143407,0.4772799606435001,0,0.3371165703470464,test
0.4842393142171204,-0.18955111829563975,1,0.9401151189922696,train
-0.9290865459479392,-0.835468933917582,1,0.9029636835135735,train
0.1301522240974009,-0.15246753254905343,1,0.8849527341024618,train
-0.43948444770649076,-0.741387999150902,1,0.9422111850543247,train
-0.5916073671542108,-0.9388627507723868,1,0.9572934934000756,train
-0.732522202655673,-0.7461942387744784,1,0.909287798612785,train
-0.34863615129143,-0.2855034372769296,1,0.833671804910969,train
-0.6898760609328747,-0.5089699905365705,1,0.8433370968283861,test
-0.7400757209397852,0.03273034282028675,1,0.5028847753487847,test
-0.12893788050860167,0.13514543371275067,0,0.6803912081825204,test
-0.9227146948687732,-0.1068578059785068,0,0.5270384972391854,train
0.4266031258739531,0.44781117467209697,1,0.6876308766324539,train
-0.7984619177877903,-0.32756386464461684,1,0.7244565123654284,train
0.900609876960516,-0.5849463897757232,1,0.990266621254618,test
-0.7563644745387137,0.9828138072043657,0,0.05743617118612647,train
-0.5606867582537234,-0.9958213083446026,1,0.9654216372919568,test
0.8261755337007344,0.869012669660151,0,0.5593153540647252,test
0.8917062422260642,0.6598269972018898,1,0.723675759648419,train
-0.44168755412101746,-0.3408767287619412,1,0.8341124063510374,train
-0.753057824447751,0.46163333719596267,0,0.2198786328687469,test
0.5943209188990295,-0.7222750931978226,1,0.9890273102113135,train
0.4885544301941991,-0.516616296954453,1,0.9763053797549084,test
0.8319484475068748,0.42195864859968424,1,0.8259404755516568,train
0.9891964900307357,-0.7170255081728101,1,0.9942935051950927,train
0.8847214300185442,0.6448932611383498,1,0.7299877901050423,train
-0.027729184832423925,-0.2358161322772503,1,0.882315476167617,train
-0.43308091443032026,-0.127566356677562,1,0.7320857156108851,test
-0.49690859764814377,0.08608883619308472,1,0.5672571488931454,train
0.006510341539978981,-0.7982559208758175,1,0.9763332457869597,train
-0.006067653652280569,0.5304434588178992,1,0.45217022573804505,test
-0.3631083806976676,-0.27811895264312625,1,0.8271464029045976,train
0.9244456537999213,0.8354999963194132,1,0.6234826117284059,train
0.26819873647764325,0.4436632008291781,1,0.6296326935145176,train
-0.745133203919977,-0.6040538200177252,1,0.8661422579428539,train
-0.15390601241961122,-0.6374226151965559,1,0.9514244575570303,train
0.8286338192410767,0.22873671213164926,1,0.8925615293887207,train
-0.06441533332690597,-0.5997487711720169,1,0.9533539277785964,test
0.816338290926069,0.8178538293577731,1,0.5917883783126734,test
0.19548656744882464,-0.37238021986559033,1,0.9424401313238197,test
0.2634856319054961,-0.6325935828499496,1,0.9752446312818484,test
0.7383166374638677,0.8426416609436274,0,0.5412861468259954,train
0.005499645136296749,-0.17628036113455892,1,0.8695506810508581,train
0.9672702294774354,0.22706988081336021,1,0.9136359992459165,train
-0.35122794518247247,-0.9235170958563685,1,0.9699802599047994,test
-0.03725010296329856,0.7091966131702065,0,0.31679927305894157,train
-0.28602584498003125,0.22621097462251782,1,0.5549344205943842,train
0.254955368116498,-0.0860345670953393,1,0.8868403036991777,train
0.4832003810442984,-0.47860188968479633,1,0.973353355282769,train
0.13193363463506103,-0.4930443433113396,1,0.954365022349231,test
0.9615730131044984,-0.6450016596354544,1,0.9926258502210874,train
0.15362547105178237,0.2936209077015519,1,0.6844356376545601,train
-0.12191589642316103,-0.5645958576351404,1,0.9435482242436652,test
-0.5428006099537015,-0.9496357436291873,1,0.9617520366512338,train
-0.8356838687323034,0.34332132060080767,0,0.25709662933793836,test
0.7005298435688019,-0.8412350229918957,1,0.9935102293659079,test
-0.5306774768978357,-0.9694179459474981,1,0.9645415716125895,train
0.9763348936103284,-0.5550386933609843,1,0.9906612025220624,test
0.20379509171471,-0.3295357176102698,1,0.9360997511300966,train
0.9974816162139177,-0.9751005764119327,1,0.997349014006914,train
-0.24880124675109982,-0.6892825053073466,1,0.9509483094449257,train
0.11025326186791062,-0.7434363937936723,1,0.9767161305587795,train
-0.1411120742559433,-0.6640101843513548,1,0.9558300835679051,test
0.1517555615864694,0.8404909488745034,0,0.3036274670944356,train
-0.13498520525172353,0.3649525884538889,1,0.5180954638568381,train
-0.5503084720112383,-0.9752688431181014,1,0.9639763318269559,train
-0.8300305246375501,0.27497744420543313,0,0.2991474462770176,test
0.2745965193025768,0.657853186596185,1,0.4786294970293028,train
-0.137967259157449,-0.08522717002779245,1,0.7998492001176642,train
-0.8545678127557039,-0.04751989431679249,1,0.5127302191055949,train
0.6048040385358036,0.4090896309353411,1,0.7697356467311549,train
-0.34944339329376817,-0.06717941490933299,1,0.7253767312545589,test
0.5145780700258911,-0.4528956785798073,1,0.9727856027670917,test
0.16854303469881415,-0.9833471341989934,1,0.9894226658009602,train
0.41767881345003843,-0.9569575325585902,1,0.9925101785337355,test
-0.1460484671406448,-0.5334484875202179,1,0.9360667389632228,train
-0.3128545959480107,0.751672504004091,0,0.20364945737796186,train
0.5182399703189731,0.8597738412208855,0,0.435228595628714,train
-0.15193958394229412,-0.18244668841362,1,0.8383665799717752,train
0.12177450768649578,-0.6968682105652988,1,0.9739101499043191,train
-0.7677284511737525,-0.2849548514932394,1,0.7098017995964916,test
-0.39395640464499593,-0.2508122446015477,1,0.807352310939908,train
-0.042394628282636404,0.12516331858932972,1,0.7176064812198364,train
-0.3103389064781368,-0.38345430279150605,1,0.8769729458160067,train
0.2014282802119851,0.5562833650037646,1,0.5217020694681417,train
-0.8478333535604179,0.8382109445519745,0,0.07372700423112162,train
0.9119852222502232,0.3299555303528905,1,0.8768790244485535,train
-0.9555863537825644,-0.3895067539997399,0,0.7067494336541118,train
0.6834212648682296,0.6462112511508167,1,0.6563030170157432,test
0.26488489750772715,0.22496712813153863,1,0.7622903318407395,test
-0.3798116696998477,0.036797028966248035,1,0.6490800102790055,train
0.4851387324742973,0.19304656563326716,1,0.8368464030885655,train
0.2778226272203028,-0.38593934243544936,1,0.9514772407488401,test
0.9850319745019078,0.2891891016624868,1,0.9009056352975002,train
-0.7434604233130813,-0.23616561433300376,0,0.6884813496531124,test
0.7664791555143893,0.18598085176199675,1,0.8943713419246778,train
0.6201667757704854,0.5894442214630544,1,0.6692997347615239,test
0.6437023566104472,-0.39943684451282024,1,0.9744306182998854,train
0.6694053248502314,-0.6042682589031756,1,0.9864009688922627,train
0.4654644411057234,0.01586065348237753,1,0.8928420967469454,train
0.9660880486480892,-0.6597189474850893,1,0.9929885488712104,train
0.2784091653302312,-0.4550156476907432,1,0.9600449743208711,train
0.32150926860049367,0.24608301930129528,1,0.7685557870341935,test
0.05671875597909093,-0.3182398434728384,1,0.9168354317096803,train
-0.3650123570114374,0.45977535797283053,0,0.3547748849741229,train
0.5357109382748604,-0.5469371685758233,1,0.9799220008408489,test
0.05261698504909873,-0.909179100766778,1,0.9840661456296559,train
0.46460376866161823,0.9408015697263181,0,0.35677308536858493,train
-0.38466851878911257,0.5673697022721171,0,0.2795481278099537,train
-0.19165349751710892,0.7170755197294056,0,0.25820412121324504,test
-0.5911951093003154,0.009514654986560345,1,0.5826866089321093,test
0.9712661765515804,0.4838486001826823,1,0.8339510833465045,test
0.1326215141452849,-0.14383279578760266,1,0.882790839135712,train
-0.4392497097142041,-0.6593653792515397,1,0.927686971975615,train
-0.6298885536380112,0.7316863588057458,0,0.1362669533386518,train
0.5161227923817933,-0.5540418191812932,1,0.9796714481618506,train
0.13356256252154708,0.8609651788137853,0,0.28473322906744347,train
0.8643471421673894,0.6700147092342377,1,0.7081072396522996,train
0.27738663274794817,-0.7487834277562797,1,0.9826654953368014,train
0.4014962688088417,0.5476834895089269,1,0.6115367436872764,train
-0.041555062867701054,0.6882966686971486,0,0.32856490696221846,test
0.7006238326430321,-0.6771356235258281,1,0.9895508338494065,test
-0.15533864917233586,-0.4726583380252123,1,0.9234376379857983,train
-0.9372157538309693,0.9403936895541847,0,0.0482161860830735,train
-0.4837067034095526,0.10530149703845382,1,0.5589664425778464,test
-0.33031053049489856,0.01271308260038495,1,0.683534546247568,test
-0.7329006628133357,0.3694309485144913,0,0.2764791162898143,train
-9.072292596101761e-4,0.1388063016347587,1,0.723830085484185,train
0.6042712656781077,0.10594709869474173,1,0.8902646383156128,train
-0.3256935137324035,-0.4630545084364712,1,0.8976054865346116,test
0.017841230612248182,-0.8564955308102071,1,0.980345530352886,train
-0.011122876312583685,0.9072034126147628,0,0.21355722747402855,train
0.5941058080643415,-0.3874253770336509,1,0.9712675568054074,train
0.13391779083758593,-0.6131670302711427,1,0.9675621905102236,train
-0.7866063639521599,0.8763575311750174,0,0.07324334478051014,test
0.6152968904934824,0.6231655273586512,0,0.6451922889422503,train
0.1342241419479251,0.13718634750694036,1,0.7683647040108182,train
-0.5755181442946196,0.7558085019700229,1,0.13890642085178334,test
0.4991585095413029,-0.5967460391111672,1,0.9814987656990023,test
-0.38556329999119043,0.04461376881226897,1,0.6415936213828547,test
-0.02096311328932643,-0.488130000885576,1,0.9407449768821291,test
0.9794197855517268,-0.7618004893884063,1,0.9949071900870098,train
-0.1517816437408328,0.7097466895356774,0,0.27572612964579707,train
-0.5111939907073975,-0.8972751051187515,1,0.9579264780093861,train
-0.5657305703498423,0.27072002179920673,0,0.4043320599440013,train
0.3782350132241845,0.2390601127408445,1,0.7887869309172865,train
0.9604254174046218,-0.6303806072100997,1,0.9922908292033666,test
-0.04593392135575414,-0.8859308045357466,1,0.9799022840650691,test
0.5470472439192235,0.004998887423425913,1,0.9081504673602353,train
0.14862588932737708,-0.3311851639300585,1,0.9305386951860162,train
0.9318794012069702,0.44927260326221585,1,0.8385998943057767,train
0.5938476817682385,0.5262684319168329,1,0.6995234479288548,train
0.06381017435342073,0.9150303984060884,0,0.23173536653841031,test
0.1932475222274661,-0.5087588634341955,1,0.9604983746143273,test
-0.4722270527854562,-0.6220877161249518,1,0.9157704897328588,train
-0.4409145824611187,0.639623599126935,0,0.22195287121730117,train
-0.8697935114614666,-0.2960144658572972,1,0.679715604119725,train
0.12616269290447235,-0.15378697402775288,1,0.8846519017026693,train
-0.4752886355854571,0.6808033082634211,0,0.19253811236748256,train
-0.9934353376738727,-0.04087646398693323,0,0.4487512335130561,train
0.17903308710083365,-0.353852647356689,1,0.9378067738747905,train
0.040102329570800066,0.8066995474509895,0,0.28457838157416954,train
0.6892694695852697,0.8557829493656754,1,0.510815645393316,train
-0.9408863727003336,-0.09180776122957468,1,0.5082885598080673,test
0.19953869841992855,0.7031657034531236,0,0.41425434143110895,test
-0.46316046081483364,0.754147807136178,0,0.16415624120400318,test
-0.7587821912020445,-0.9028924596495926,1,0.9381324247832141,train
-0.798589076846838,-0.042094464879482985,0,0.5326196809972918,test
0.49632228072732687,0.3284033858217299,1,0.7786393221418658,train
-0.968078741338104,0.2655498217791319,0,0.2573938945049986,train
-0.9010777086950839,-0.8441484859213233,1,0.9091954485841598,train
0.4952475721947849,0.15585653530433774,1,0.8533473694014027,train
-0.2855246723629534,-0.8569951527751982,1,0.9674814506981885,test
0.51791639206931,0.24360028887167573,1,0.8238895413395143,train
-0.24808731488883495,0.056141394190490246,1,0.6864036216859705,train
0.5989254177547991,0.24537530960515141,1,0.8423873121977582,train
-0.9486144687980413,0.04521441226825118,0,0.4058338066055541,test
0.012717100325971842,0.3302721297368407,0,0.6049754740315355,train
0.642457292880863,-0.026092705316841602,1,0.9272542550283782,test
0.08951315237209201,0.4733798373490572,1,0.5345512172792554,test
-0.4666310911998153,0.793870888184756,0,0.14806585541043701,train
-0.31072535598650575,0.6786465989425778,1,0.24118426197373144,test
-0.2616480942815542,0.2319968668743968,1,0.5610262094288858,train
-0.14149583084508777,-0.7354864971712232,1,0.963846157028708,train
0.8370287464931607,-0.499107931740582,1,0.9861085583566325,train
0.5686896308325231,-0.9913526047021151,1,0.9947555913858687,test
0.4756630645133555,0.09519071318209171,1,0.8704862187058992,test
-0.43845475232228637,-0.8741027507930994,1,0.9601418477705628,test
-0.08634674362838268,-0.39302519522607327,1,0.9148770605155199,train
-0.42492471681907773,-0.45921485824510455,1,0.8797600196796601,train
0.3925821352750063,-0.05430317996069789,1,0.9003429960551569,train
0.641512596514076,-0.8264833427965641,1,0.9925126164767039,test
0.3103070631623268,-0.7490363446995616,1,0.9836097318492519,train
-0.1729906452819705,-0.5668487828224897,0,0.9390958562114078,train
0.90365882916376,-0.09174866555258632,1,0.9602140021686649,test
-0.513781079556793,0.7741123205050826,0,0.14522677089075028,train
0.2173700532875955,0.08198653254657984,0,0.8179820272640151,test
0.5159029378555715,0.8527937736362219,0,0.4392749018794847,train
0.38733472349122167,-0.5171608491800725,1,0.9720021132224438,test
-0.7691444074735045,0.39867935748770833,1,0.24795757413901998,test
0.27182332891970873,0.03288795705884695,1,0.8506231160789682,test
-0.38194926315918565,0.29841121239587665,0,0.4614255216168077,train
-0.29400299582630396,-0.48351189168170094,1,0.9076206342170181,test
0.9619166324846447,0.6538753402419388,1,0.7502825240585975,train
0.07776552718132734,-0.48042966332286596,1,0.94838334346224,test
-0.11193227395415306,-0.7673693737015128,1,0.968537540928555,train
0.8987335553392768,-0.1619894178584218,1,0.9671015689576923,test
-0.0950332572683692,0.8042371678166091,1,0.24131595955555374,train
-0.6187483929097652,0.376461039762944,0,0.3126855317580075,test
0.9832182992249727,-0.5160420294851065,1,0.9896644703625179,train
0.0969108953140676,-0.16269115824252367,1,0.8821910610737964,train
0.5376315340399742,0.2150144660845399,1,0.8402774248972829,train
0.8268433455377817,0.15123256016522646,1,0.9122189827067311,train
0.3642240040935576,0.07706300681456923,1,0.8542075748348141,train
-0.18549715913832188,0.6679655662737787,0,0.2888400322410525,train
-0.18481540121138096,-0.25640407809987664,1,0.8589384943826216,train
-0.7078344193287194,-0.2245558788999915,1,0.6942131403609549,test
-0.6066645719110966,0.3042259612120688,0,0.36459755527338805,train
-0.6155813210643828,-0.08252851571887732,1,0.6368322071350252,test
-0.18317119870334864,0.683325553778559,0,0.2804920373695646,train
-0.3035573875531554,0.3908271682448685,1,0.4276907653692621,train
0.6690856968052685,-0.46314738085493445,1,0.9795747363298476,train
-0.6031999858096242,-0.7916669920086861,1,0.9345634790069336,test
0.7236106190830469,0.5256238714791834,1,0.7443237413406256,train
-0.20562937948852777,0.41343876672908664,0,0.45259015040142186,train
-0.6934924661181867,0.48097140062600374,0,0.22771683880192395,train
-0.3214332335628569,-0.40732495998963714,1,0.8823640459652934,train
-0.2656391207128763,-0.07643312308937311,0,0.7579603344686789,train
-0.14524183422327042,-0.7448987276293337,1,0.9645762696707667,train
-0.6273261914029717,-0.9852057909592986,1,0.960244141835725,test
0.3160332008264959,-0.922939726151526,1,0.9901800911843032,train
0.8408227623440325,-0.20416076201945543,1,0.9678738169244572,test
0.46778812538832426,-0.5253774826414883,1,0.9760771489269414,test
0.7646385431289673,0.24065554235130548,0,0.8779299056272724,test
0.9066930622793734,-0.7580804084427655,1,0.9941747091276157,test
-0.6101969298906624,-0.3699026657268405,0,0.804114246745916,test
-0.054766529239714146,-0.7613820037804544,1,0.9708893067678661,train
-0.2278986880555749,-0.22505953535437584,1,0.8376900969612894,train
-0.2516682855784893,0.8963247640058398,0,0.1567463491961931,train
-0.9442886868491769,0.277681284584105,1,0.2583732338235414,train
0.8587104235775769,-0.7745437491685152,1,0.9939759090314222,train
-0.1789414486847818,-0.27621833654120564,1,0.8669834793294422,train
0.911680432036519,0.6814829288050532,1,0.7177812221695181,train
-0.45569431968033314,0.5601048665121198,0,0.2598491051779017,train
0.03449298767372966,0.41441540978848934,1,0.5540582250933578,train
0.9566196845844388,0.498093883972615,1,0.8245042574464343,train
-0.2606070274487138,-0.623729629907757,1,0.9400540780099598,train
-0.37913912162184715,0.6775815496221185,1,0.22098479324760342,train
-0.9315807349048555,-0.45895313983783126,1,0.7547256900044456,train
0.33513169502839446,-0.26641840673983097,1,0.9384245827098003,test
0.8418327537365258,-0.3183403969742358,1,0.9768298943882583,train
-0.9100208040326834,-0.45563817862421274,1,0.7597114176393852,train
-0.5977347362786531,0.15101163648068905,1,0.4771080449965233,test
0.4870297685265541,0.7697573672048748,0,0.4874251047915367,test
-0.7388863377273083,-0.27240383299067616,0,0.7123735682226073,test
0.41776718758046627,0.39121014764532447,1,0.7190370281253904,test
0.9976636227220297,0.591676508076489,1,0.7930294855102297,train
0.8878260920755565,0.3996580853126943,1,0.847853119645245,train
0.18580779805779457,-0.23023852100595832,1,0.9139583366264847,test
0.46259127277880907,0.23635587701573968,1,0.813001852260805,test
-0.026531648822128773,-0.9696388193406165,1,0.9847087805148124,train
0.5363039919175208,-0.12758931191638112,1,0.9346917491781824,test
-0.9937090752646327,-0.07665159832686186,0,0.4746609880538957,train
0.1158825964666903,0.3597988607361913,0,0.626213911494513,test
-0.07948942156508565,-0.9359679697081447,1,0.9815854705476211,train
-0.34056970989331603,-0.7680858923122287,1,0.9542858653012455,train
0.6709512546658516,0.6516585228964686,1,0.6478526922084278,train
0.9554033260792494,-0.6906199562363327,1,0.9934738828820318,train
0.3210298945195973,-0.5453507034108043,1,0.9711538413247451,train
-0.5328502808697522,-0.643984945025295,1,0.9126780054423289,train
0.6384008405730128,-0.7352530229836702,1,0.9901910418367436,test
0.449369790032506,0.36872542137280107,1,0.7425951301035913,train
0.9527143063023686,-0.44581884890794754,1,0.9866668106135775,test
-0.469773942604661,0.9246991048566997,0,0.1054335722317773,train
0.757640085183084,0.44160738261416554,1,0.7978115614947234,test
-0.02422157535329461,0.7918740487657487,0,0.2712423276049714,train
-0.38906342908740044,-0.9449597420170903,1,0.9699264317715032,train
-0.20980600221082568,0.9879282950423658,0,0.13246582791021375,train
0.518679432105273,0.2003628984093666,1,0.8416849119107573,test
-0.7983967154286802,0.15753292944282293,0,0.3885350101122291,train
-0.1572806192561984,-0.6690697106532753,1,0.9552863393665904,test
0.31552849523723125,0.2241785884834826,0,0.7780070845897374,train
-0.4094718159176409,-0.006792671047151089,1,0.6664021197256491,test
-0.5880270004272461,0.7091922494582832,0,0.1532563002312526,test
-0.9957065763883293,0.5028886813670397,0,0.1416530384955223,train
-0.7843146426603198,0.833758064545691,0,0.0824687790157292,train
-0.570265956223011,0.43107225513085723,0,0.2963642403808466,train
-0.7696926523931324,-0.9194255932234228,1,0.9398378738643943,train
0.37431886326521635,0.8671510773710907,0,0.3709882692934592,train
-0.6134555395692587,-0.6539553520269692,1,0.903635715080148,test
0.969843786675483,0.10270993364974856,1,0.938621755366128,train
0.89407595153898,-0.02734064729884267,1,0.9516025100215482,train
0.38341393833979964,-0.5168111552484334,1,0.9717912291101222,test
0.4797838870435953,0.34371278854086995,0,0.7657887161258508,test
0.4648805968463421,0.968736863695085,0,0.33833710516480836,test
0.3051968878135085,-0.6075456952676177,1,0.9751941660659521,test
-0.6659073862247169,-0.23829770786687732,1,0.7174280051745107,test
0.8463617162778974,-0.21469045244157314,1,0.9691032495209045,test
0.12920969165861607,0.5806674724444747,0,0.47305491265987126,train
0.0729912705719471,-0.7744194073602557,1,0.9773237541834277,train
-0.9623125055804849,0.6481420136988163,0,0.10249001039318516,test
-0.26720074471086264,0.5358736906200647,0,0.3421237376577813,train
0.3724845489487052,0.35082032810896635,1,0.7272264419465627,train
-0.16674255346879363,0.18666128814220428,1,0.631851641505512,train
0.5140524925664067,0.8459643716923892,1,0.4434255515155317,train
0.5515897357836366,0.6035057040862739,1,0.633372982234939,test
0.1471740398555994,-0.16554487077519298,1,0.8916351995037589,train
-0.6226024148054421,0.6366121009923518,0,0.17424368276132113,train
0.5165306678973138,-0.781827736645937,1,0.9894684996460548,train
-0.8146338141523302,-0.2072501154616475,0,0.6426304952708882,test
0.24471705313771963,-0.2816041777841747,1,0.9317548780601393,train
-0.1681735967285931,-0.928993237670511,1,0.9782068961348509,train
0.5530217410996556,-0.41576779959723353,1,0.971622762726549,test
0.615605603903532,-0.458872121758759,1,0.9773896998560687,test
0.9345926404930651,0.2570853168144822,1,0.90160317851338,train
-0.5681934976018965,0.37289160257205367,0,0.3338571686193188,test
0.7340178219601512,-0.6493348223157227,1,0.9892959790429862,train
-0.16616394324228168,0.9937952016480267,0,0.13919855228221345,test
0.02605743193998933,0.5040088002569973,0,0.48509490123228377,train
0.5498746410012245,-0.9330967552959919,1,0.9935847147062106,train
-0.7349133645184338,-0.7555283275432885,1,0.9111868870375265,test
-0.17618471570312977,-0.5004245173186064,0,0.9266058597938096,test
0.3240951467305422,0.9208175395615399,0,0.31628650715031553,test
0.8154395339079201,0.4957043179310858,1,0.7880171839140484,train
-0.31101672537624836,0.8528403304517269,0,0.16020570866153783,test
-0.7895138715393841,0.32886702800169587,0,0.28091405257657637,train
0.8646918437443674,-0.3464204156771302,1,0.9794213445318631,train
-0.6001334544271231,0.41858803294599056,1,0.2933566662012365,train
-0.8919633855111897,0.11139317974448204,0,0.3826754743938626,train
-0.14831984834745526,-0.19321992993354797,1,0.8434135520229051,train
-0.32240836042910814,-0.29133552266284823,1,0.8420753599882776,test
-0.44879739452153444,0.10349377384409308,0,0.5749043547437033,test
0.32698108442127705,-0.772349857725203,1,0.9850984939445262,train
0.5677921939641237,0.6143873175606132,1,0.6324009219185354,train
-0.12060526665300131,-0.9922171044163406,1,0.9832173579818646,train
0.8606477351859212,-0.6485811192542315,1,0.9913410334524523,test
-0.45558558870106936,-0.02002039970830083,0,0.6574426203280885,test
0.3180580586194992,-0.6031683660112321,1,0.9754146018162752,test
-0.23942141188308597,-0.027420497965067625,1,0.7393924162628414,train
0.8707815548405051,0.9288404625840485,0,0.5347966424861256,test
0.47100185975432396,0.8994843941181898,1,0.38757882382833037,test
0.1801809067837894,-0.9349684733897448,1,0.9880693733463344,test
0.629304829519242,-0.9540074998512864,1,0.9947252348150569,test
0.7648176592774689,-0.33271210361272097,1,0.9747160884648866,test
0.49088261742144823,-0.49213821440935135,1,0.9746879659898006,test
0.0035831215791404247,0.8785399892367423,0,0.23244163292991096,train
0.9770029466599226,0.6211612806655467,1,0.7723570285246619,test
0.11053610173985362,-0.40445729019120336,1,0.9395996148530472,train
0.7594036660157144,0.2679406460374594,1,0.8680864573283052,train
0.26087852753698826,-0.3133482257835567,1,0.9390324954882987,train
0.22643106384202838,0.09690604824572802,1,0.8137450635275417,test
-0.9327814006246626,-0.47201401367783546,1,0.7613628405385139,train
-0.49059862876310945,-0.4652431425638497,1,0.8693963453838215,train
0.5519376024603844,0.38073988957330585,0,0.7684394539591867,test
0.9964900016784668,0.15925862174481153,1,0.9313304721181815,train
0.9202368031255901,0.3283926099538803,1,0.8788805779016241,test
0.5018576271831989,-0.18649388290941715,1,0.9412944126936809,train
0.36100772209465504,-0.09560941671952605,1,0.9061957712447425,test
-0.5062270918861032,0.0904935672879219,1,0.560170993813331,test
0.21312595391646028,-0.7709873439744115,1,0.9818864413274861,train
0.14794112695381045,-0.43668807530775666,1,0.9479804697719039,train
-0.9008101834915578,-0.48695312021300197,1,0.7787702353056999,train
-0.2543597100302577,0.7653890564106405,0,0.21351211781599105,train
0.7895360975526273,0.6793330563232303,1,0.6750559567121965,train
-0.21645650872960687,0.7108264067210257,0,0.25362081757720223,train
0.033890541177242994,0.7671656822785735,0,0.30645892245548556,train
-0.6494398470968008,0.8186984225176275,0,0.10576050438086246,train
-0.6147890728898346,-0.34133534086868167,1,0.7893025997176518,test
0.09301739139482379,-0.2865071650594473,1,0.9144484072437062,train
-0.21375832241028547,0.07779896119609475,1,0.6853755875850546,test
0.2503949934616685,-0.23912861198186874,1,0.9240929215109064,test
0.14440954523161054,-0.5187046434730291,1,0.958385832580878,train
-0.7187618589960039,-0.2738711414858699,1,0.7202315376105048,test
-0.4214566615410149,0.19759406568482518,1,0.5182628839438608,train
-0.9987756884656847,0.8306032484397292,0,0.05916988690319023,test
0.9107274343259633,0.733487892895937,0,0.6855927690727206,train
-0.20118009997531772,-0.23560962872579694,1,0.8478280952415053,train
0.9541070908308029,-0.6972880973480642,1,0.9935851519827736,train
0.023548397701233625,0.0777779882773757,0,0.7656646429730328,train
-0.06567762279883027,-0.8009700025431812,1,0.9735160418110341,test
0.447670987341553,0.2969362628646195,1,0.7801915037129326,test
-0.7158528938889503,0.3251316291280091,0,0.309346599958414,test
0.047155558597296476,0.5023630652576685,0,0.4953046105619574,test
0.12084224028512836,0.6085987971164286,0,0.4491874306287506,train
0.3206856115721166,-0.21104917209595442,1,0.9267058192017209,test
-0.25546859623864293,0.22876860480755568,1,0.5659472378889022,train
-0.7276960136368871,0.9810221488587558,0,0.0604425668267892,train
-0.8522381479851902,0.3322355803102255,0,0.2578958997990254,train
0.5230243601836264,-0.6463302252814174,1,0.9845895736942022,test
0.4055898259393871,-0.6278442749753594,1,0.9802076380688828,test
0.52779052359983325,-0.8462924319319427,1,0.9914290531781504,test
-0.6858874834142625,0.6238750284537673,0,0.16428975502722135,train
0.19868921302258968,0.033742586616426706,1,0.8336992030522502,test
0.5266835736110806,-0.7518151346594095,1,0.9887075990896629,test
0.8253059764392674,0.9228460104204714,1,0.519811088676096,test
-0.383958300575614,-0.02182864025235176,1,0.6855849782541514,test
0.3141317507252097,0.04206916317343712,1,0.8562987387271405,train
-0.3243907419964671,0.1343395342119038,0,0.6044586260447559,train
0.2085007638670504,0.08737334702163935,1,0.8133329307001392,test
-0.8320899624377489,-0.2332293107174337,1,0.6531794812263456,test
0.2113344711251557,0.611973921302706,0,0.4851876471152997,test
0.1918220529332757,0.6898457920178771,0,0.4205323646321743,train
0.33783829864114523,-0.0788404499180615,1,0.8983819230613338,test
0.6020865919999778,0.271525212097913,1,0.832707317274712,test
0.7109117708168924,0.08258983073756099,1,0.9124548803933992,train
-0.8997201798483729,0.6467865887098014,0,0.11314845036647102,test
0.3488681707531214,0.773139183409512,0,0.42648559579310485,train
0.6917865965515375,0.5246085952967405,1,0.7344225703036023,train
0.49279663525521755,0.07468908606097102,1,0.8802241873378801,train
0.6591288079507649,0.736727342940867,1,0.5842770416972689,train
-0.7441997481510043,-0.548067120835185,1,0.8461799496221313,test
0.5882168761454523,0.2667467640712857,1,0.8313516185250653,train
-0.2889881734736264,0.3071011882275343,0,0.4946848812569004,train
0.8961633425205946,0.3210124424658716,1,0.8767881165397072,train
0.860316211823374,-0.7249560533091426,1,0.9930601205542423,test
0.18488909816369414,0.4644561824388802,1,0.581142001102197,train
-0.7790114716626704,-0.8552400371991098,1,0.9272250865203311,test
0.5676709357649088,-0.42862300435081124,1,0.973300287651105,test
0.20364588173106313,-0.09766506683081388,1,0.8813498182340721,train
-0.8234511599875987,-0.07473559258505702,1,0.5458121362982522,train
0.31452455138787627,-0.7290725172497332,1,0.9827627568476449,train
-0.3358381260186434,-0.7282941779121757,1,0.9493162141578306,train
0.6708380640484393,0.4387077004648745,1,0.7743250300509705,train
-0.504453347530216,-0.5004123640246689,1,0.8781401812773129,train
-0.27281815418973565,-0.11682653333991766,0,0.776872075043484,train
0.8492972673848271,-0.7400642610155046,1,0.9932330783842597,test
0.12603601580485702,-0.5565227838233113,1,0.9614375151703395,train
0.6137307151220739,0.8079169406555593,0,0.513592574719493,train
-0.9221425191499293,0.8953886986710131,0,0.055981132791109466,test
-0.9203491248190403,-0.18291556369513273,1,0.5829709419711029,test
0.2650859379209578,-0.08754346892237663,1,0.8890019286409944,test
-0.5218264539726079,-0.9230327471159399,1,0.960174367532837,train
-0.49494999554008245,0.8448880487121642,0,0.12481626984022061,train
0.24924900010228157,-0.5597498388960958,1,0.9688126047962645,train
-0.18862039782106876,-0.09030325105413795,1,0.7881305561775055,test
0.5969461463391781,0.3167070276103914,1,0.8121244886886924,test
-0.7650741175748408,-0.258056647144258,1,0.6942794648404662,train
0.988994562998414,-0.5195648241788149,1,0.9898688631744712,train
0.2997146565467119,0.29119462752714753,1,0.737084465840166,train
0.31122186267748475,-0.5274524549022317,1,0.969152093811696,test
0.4949592472985387,0.6969374786131084,0,0.5439948125880804,train
0.02854642504826188,-0.28149685682728887,1,0.9041672452718394,train
-0.239339767023921,0.9931854819878936,0,0.12508113068450474,test
0.22261654073372483,-0.25949403224512935,1,0.9249427142371988,test
0.9320006421767175,-0.6993058072403073,1,0.9933789089162208,train
-0.5682826656848192,0.08409109432250261,0,0.5385742939047141,train
0.4974987260065973,-0.14553924463689327,1,0.9338486461131023,train
-0.13524873042479157,-0.5377176692709327,1,0.9378939382022476,train
0.6571924779564142,0.7188641806133091,1,0.596125819710294,test
0.7666810392402112,-0.9742423514835536,1,0.9960631404342756,test
0.9595772712491453,0.2673632800579071,1,0.9027139712103005,test
0.828001453075558,-0.2568036033771932,1,0.9717404583278791,test
-0.4850268396548927,-0.14860878000035882,1,0.7267329978940382,train
-0.5531043643131852,0.3659745235927403,0,0.344170104667043,train
0.5812658360227942,-0.8073771386407316,1,0.9912349051382003,train
-0.6698103821836412,0.5092772170901299,0,0.22034265968646305,train
0.6761517189443111,-0.2194929113611579,1,0.9596526638721226,train
0.943840878084302,0.14875093009322882,1,0.9274486806001566,test
-0.004923548083752394,-0.1465779347345233,0,0.8571999168933184,test
-0.9203839022666216,-0.9329074607230723,1,0.9262690176655104,test
0.2503131916746497,-0.0651763416826725,1,0.8797290726325807,train
0.6607718169689178,-0.5115283359773457,1,0.9819747921487042,train
-0.6883767861872911,0.8930906732566655,0,0.08172706722492283,train
0.980407502502203,-0.898879592306912,1,0.9965907430026031,train
0.36176467407494783,-0.3558755316771567,1,0.9539701893918062,test
0.7293958719819784,-0.988263520412147,1,0.9959733742627971,train
-0.5166784762404859,-0.8849857845343649,1,0.9560603458143818,test
0.7251581945456564,-0.8633864498697221,1,0.9941644810158193,train
0.5841733459383249,0.3804111108183861,0,0.7782581956350105,test
0.22464953316375613,-0.8311324957758188,1,0.9850589746304015,train
-0.5828816699795425,-0.08913994114845991,0,0.6540415495312705,train
-0.8811757452785969,-0.390393128618598,1,0.7328917927883407,test
0.2505748765543103,-0.16191719472408295,1,0.9066627311225803,test
0.607862729113549,0.0026462231762707233,1,0.9169815925550695,train
-0.6027387538924813,0.47494208347052336,0,0.2594978954478881,test
0.3313002469949424,-0.8934227493591607,1,0.9895756625054795,train
-0.19413444073870778,-0.9963470683433115,1,0.9812380092111552,train
-0.22607462666928768,-0.05734185827895999,1,0.7600974923544446,test
-0.8795431731268764,-0.4201872469857335,0,0.7501408748508245,train
-0.15943917632102966,-0.8794830404222012,1,0.9752553809802791,train
0.1021945015527308,-0.12195802526548505,1,0.8702432581490891,train
0.6321514374576509,0.07868515606969595,1,0.9021094937034286,train
0.6755936788395047,0.45501400623470545,1,0.7673267343081932,train
-0.9758038730360568,0.6972675696015358,0,0.08812611313545737,test
0.14539619348943233,-0.20591258630156517,1,0.902270003027458,train
-0.3967182757332921,0.41397123131901026,0,0.3732808117710699,test
-0.9226425942033529,-0.6851698248647153,1,0.8583386681046049,train
-0.28333417791873217,0.7117654327303171,0,0.2321205191263952,train
-0.4650935297831893,0.2905286056920886,0,0.43203707260017704,train
0.9480474763549864,0.04759794054552913,1,0.945395310047931,train
0.9022868927568197,0.015514833852648735,1,0.9462036718786597,test
0.23212122824043036,-0.2805846417322755,1,0.9301804129211572,test
0.9296740149147809,0.08801000518724322,1,0.9371316960346584,train
0.7560690324753523,-0.5554176322184503,1,0.9864679478620643,train
-0.7600199966691434,0.7525520962662995,0,0.10621355147434593,train
0.19251572666689754,-0.790850498713553,1,0.9822901519615359,test
-0.2861596238799393,-0.4123333618044853,1,0.8899200004832817,test
0.3497729282826185,0.5205432479269803,0,0.6094233808954476,train
0.27638040436431766,-0.7884085341356695,1,0.9845087138626925,train
0.39373403834179044,0.3888568105176091,1,0.7120844212036032,train
0.2503919489681721,-0.7994592962786555,1,0.9843240683707591,test
-0.7555558220483363,0.8947639744728804,0,0.07318546724005295,train
-0.4380563711747527,-0.6941329827532172,1,0.9343504396968204,test
-0.6516236891038716,-0.1992819383740425,0,0.6988667238590603,test
-0.65955112548545,-0.8347565308213234,1,0.936368659370588,train
0.1210872670635581,0.3153486722148955,0,0.6581451524380263,train
-0.142398816999048,-0.03925690986216068,0,0.7761190164802051,test
-0.2216264666058123,-0.9669672935269773,1,0.9786266455847367,train
0.687412824947387,0.9298530728556216,1,0.45592374585966344,test
-0.5824185884557664,-0.6540713706053793,1,0.9081826617103181,test
0.018849559128284454,-0.07926670229062438,1,0.8369570395424364,train
-0.21006933925673366,0.12188869854435325,1,0.6583169606376962,test
-0.4836798715405166,0.5629811165854335,0,0.24918269771019216,train
0.6059228768572211,-0.5850356416776776,1,0.9840044726909535,train
-0.38600156269967556,-0.7297974852845073,1,0.9452593829912584,test
-0.843739322386682,-0.43585233436897397,1,0.7696585521130387,test
0.8935574730858207,-0.17540957313030958,1,0.9680567163332041,test
-0.24266303749755025,-0.5814831401221454,1,0.9345913997955446,train
-0.34509592643007636,0.4286707672290504,0,0.38389958791252304,train
0.3296537189744413,0.14499776298180223,1,0.8190674737245334,test
0.5546420169994235,-0.2773799551650882,1,0.9581525922868404,test
-0.03175675729289651,0.0935680940747261,1,0.7394851795782952,train
0.8589031416922808,0.567700382322073,1,0.7643116389186827,test
-0.9002243112772703,0.43360058264806867,0,0.19221615636964362,test
0.3427151273936033,0.5123474905267358,1,0.6122616938329534,test
0.6510238577611744,0.7852407577447593,0,0.5459884103492072,train
-0.3267719619907439,-0.47308995481580496,1,0.9001090754333329,test
0.8630411834456027,-0.07336002122610807,1,0.9552304444414866,train
-0.031908181961625814,-0.5598610700108111,1,0.9505528768124267,train
0.8920939937233925,-0.7179314643144608,1,0.9932886402289736,train
-0.3774785683490336,0.9816172574646771,0,0.10458816866380015,train
0.19810374034568667,0.2889387672767043,1,0.7034776164878677,test
0.7804468255490065,-0.15268807485699654,1,0.9589717709750859,train
0.21472709439694881,0.6168081434443593,0,0.4831000835735615,test
-0.11888315575197339,0.00528142461553216,1,0.7600510334417061,train
0.12011925131082535,-0.0011235130950808525,1,0.8291974725738652,train
0.8788544875569642,-0.04349986743181944,1,0.9525746052553552,test
0.6690232027322054,0.7291131955571473,1,0.5937644129808134,test
-0.4256199677474797,-0.4301054961979389,1,0.8703149003880675,train
0.6871201624162495,-0.013179013039916754,1,0.9298075701712036,train
-0.4824439398944378,-0.646060976665467,1,0.9197501918337317,train
-0.321324335411191,0.7300614565610886,0,0.21167910191438696,train
0.11381419422104955,-0.7439325819723308,1,0.9768868785983982,train
-0.6242479025386274,-0.7609362457878888,0,0.9264281489370108,test
0.019297856371849775,0.6392633719369769,0,0.38528363635831503,train
0.8541465662419796,-0.5829564346931875,1,0.9894102578195952,train
-0.38605588208884,-0.675897722132504,1,0.9364907075509181,test
-0.2874261229299009,0.7262496529147029,1,0.22343283580807505,test
-0.8862126627936959,0.495537874288857,0,0.16895097790887245,train
0.7694631181657314,0.8804912148043513,0,0.5269506029472643,train
0.02398591721430421,0.8404526342637837,0,0.25956827486282275,train
0.6094237449578941,-0.6807979042641819,1,0.987939347492578,test
-0.5263646799139678,0.7530457498505712,0,0.15028657123867756,test
0.37367067486047745,0.43029219936579466,1,0.6791666909132366,test
0.7210188615135849,-0.1103548132814467,1,0.9491240791111639,train
-0.09969413047656417,-0.34148115292191505,1,0.9003378716997905,test
-0.659250533208251,-0.41033520409837365,1,0.8095054022349677,train
0.017392649315297604,-0.06359977182000875,1,0.8302501244818918,train
0.7400387637317181,-0.7193647953681648,1,0.9913515711050462,test
-0.9333867570385337,0.9095791694708169,0,0.052855775844998086,train
-0.48368943901732564,-0.014809603337198496,0,0.6430572082998423,test
0.8741725608706474,0.8831239193677902,1,0.569313934441306,train
0.23007276328280568,-0.1839401489123702,1,0.9091260290504021,test
0.8990379758179188,-0.5588758401572704,1,0.9894747702362752,test
0.6311889803037047,0.12419835571199656,1,0.8895339288270399,test
-0.9013690971769392,-0.1206001415848732,0,0.5461072821677022,train
-0.3960595829412341,-0.45416284166276455,1,0.8833633126273261,test
0.02408521855250001,0.040760504081845284,1,0.7847031013638679,train
0.42072124825790524,0.4706739424727857,1,0.6708611291748681,train
-0.43069381499662995,-0.6944515858776867,1,0.9351742157970143,train
-0.0701024062000215,0.5248776678927243,0,0.42923137527368027,test
0.4587779613211751,-0.7194539406336844,1,0.9860953896181077,test
-0.7437138976529241,0.7180218072608113,0,0.11909111283413133,train
0.8685906990431249,-0.1605413262732327,1,0.9652816651584515,train
-0.2129009934142232,0.9755355333909392,0,0.13606870400357346,train
-0.5017517558299005,-0.46815849700942636,1,0.868197756255649,test
0.8947225715965033,0.15686933882534504,1,0.9198621540399707,test
0.6833050893619657,-0.5568208904005587,1,0.9847662435297182,train
-0.1695552417077124,-0.43507812824100256,1,0.9133852311759619,test
0.7833919934928417,-0.5157784908078611,1,0.985509775501503,train
-0.5865185903385282,-0.061631697695702314,0,0.6341591641685511,train
0.9003974166698754,-0.7237726468592882,1,0.993494008490066,train
-0.04308309406042099,-0.8964581331238151,1,0.9805932724767735,train
-0.7794459657743573,0.019661699421703815,1,0.4956384610326386,train
0.2587070451118052,0.10337277920916677,1,0.8191690630016524,test
-0.4130071704275906,-0.04720674268901348,0,0.6908811956558117,test
0.6605864423327148,-0.32965395553037524,1,0.9696749732734026,train
-0.3440671288408339,-0.30114153074100614,1,0.8409704222567852,test
0.7473597354255617,0.31526603922247887,1,0.8487734874822503,test
-0.9447334771975875,-0.4792195623740554,1,0.7614865615597702,train
0.08007039222866297,-0.2119242469780147,1,0.8936637684643705,train
-0.04211971489712596,0.2944565317593515,0,0.6076474844432804,test
0.7558090309612453,-0.8327162838540971,1,0.9939431980973048,train
-0.02634230488911271,-0.7927004960365593,1,0.9746018364454716,train
-0.5552876461297274,0.029182755388319492,0,0.5835980013491003,train
0.018289809580892324,0.43967346008867025,0,0.5288316153003388,train
-0.9809480612166226,-0.8240224863402545,1,0.8917265804981261,test
-0.8230182873085141,0.34766706731170416,1,0.25880220972277224,train
-0.3628472285345197,0.6302843908779323,0,0.25093489299297395,test
0.09061284689232707,-0.43584976019337773,1,0.9428020431248896,test
-0.3940446632914245,-0.9326542476192117,1,0.9685997992785524,test
0.4797677150927484,-0.9492325847968459,1,0.9931056099226981,train
-0.9794437065720558,-0.11282279621809721,0,0.5072058389666771,train
0.1972774569876492,-0.0827330993488431,1,0.875520721103353,test
0.4262053593993187,0.35303447069600224,1,0.7438113904245977,train
-0.06801366293802857,-0.9128416846506298,1,0.9806954631837429,train
-0.5668279370293021,-0.8713928735814989,1,0.9504779356355325,train
-0.7671454958617687,0.295479625929147,0,0.30917619118669615,train
-0.17884056409820914,0.8382036085240543,0,0.19971513659822213,train
0.2783711375668645,0.2952232086099684,1,0.7276273939808529,train
-0.8875106791965663,-0.6240262789651752,1,0.8432422427939857,train
0.13663131510838866,-0.6968740490265191,1,0.9745476817288155,test
0.4159813430160284,-0.38737520249560475,1,0.9614384473159276,train
0.951587385032326,0.001137065701186657,1,0.9522822312647389,train
0.9414059519767761,0.1297430470585823,1,0.9308381060353149,test
-0.7661685706116259,-0.4652584632858634,1,0.8061175242371734,train
-0.620098115876317,-0.2639915458858013,1,0.7474790326886545,train
-0.6261596148833632,0.049471001606434584,0,0.5391957918475617,test
-0.08961972687393427,-0.699775236658752,0,0.9632863678973829,test
-0.5922004939056933,-0.5333347851410508,1,0.8722994237984921,test
0.9486702992580831,0.31770832324400544,1,0.8871265592309231,train
-0.8011831231415272,-0.7955231848172843,1,0.9115021190948988,test
0.6496013556607068,-0.39987686835229397,1,0.9747122461561747,test
-0.7979475376196206,-0.40158169623464346,1,0.765713548798827,train
0.9442595546133816,0.3874945715069771,1,0.8641114789034,train
-0.9892743937671185,0.12891075666993856,1,0.3327636784976064,test
-0.004176159854978323,-0.386246498208493,1,0.9238047505859521,test
0.9713244098238647,-0.5790783413685858,1,0.9912161672428339,test
-0.12101815920323133,-0.6615590872243047,1,0.9569620818991628,train
-0.31280842423439026,0.2926737046800554,0,0.4950731970658457,test
-0.38969046622514725,-0.075394740793854,1,0.7163845617183826,test
0.9733055024407804,0.05172461457550526,1,0.9469767692966224,test
0.848591398447752,0.48394553968682885,1,0.8028286938877726,train
-0.9755779476836324,0.20018884167075157,0,0.29296971782497777,train
-0.8015005881898105,0.19146917713806033,1,0.3639792406304779,train
0.08223837986588478,0.8349131583236158,0,0.2824189006879708,train
0.24139578035101295,-0.04699538741260767,1,0.8722950551924277,train
0.5872247302904725,-0.12623918894678354,1,0.9395805768261033,train
-0.03694363310933113,-0.9485603882931173,1,0.9834644564331543,train
0.6143490192480385,0.37447812780737877,0,0.7899224627201713,train
0.9756677150726318,0.8533436311408877,0,0.6317208319194977,test
0.8551500053144991,0.5458233524113894,1,0.7745363850312514,train
-0.45683489087969065,-0.03185878228396177,1,0.6647299853799509,test
-0.802413628436625,-0.31742110615596175,1,0.7171220462123178,train
-0.8687748331576586,-0.6124108373187482,1,0.842977030296079,train
-0.625349601265043,-0.6896410314366221,1,0.910719731988448,train
0.18395265704020858,-0.15984111605212092,1,0.8960117580568363,test
-0.9982738285325468,0.8283737446181476,0,0.05958232769444719,test
-0.03162680007517338,0.2061045728623867,1,0.6712917298914995,test
0.3107954044826329,-0.2317128824070096,1,0.929613051637092,train
-0.5986008713953197,-0.8710741600953043,1,0.9478139170191405,test
0.32900532567873597,0.4157156515866518,1,0.6717982043798199,train
0.1052459329366684,0.5268163131549954,0,0.5022119151854549,train
0.4882451482117176,0.27270315820351243,1,0.8032981272710192,test
-0.2170868907123804,0.19496231898665428,0,0.6058431182767087,test
0.6713071116246283,0.5496627171523869,1,0.7127635539576955,test
-0.5027091996744275,0.77093351399526,0,0.1487649119154101,test
0.7721647932194173,0.4424999407492578,1,0.8013683580066286,train
0.383513396140188,0.6758861541748047,1,0.5119250876192172,train
0.8331310916692019,-0.5653585293330252,1,0.9884540091702485,train
-0.25985574116930366,-0.40938195027410984,1,0.8934249204964538,train
0.23013692535459995,0.9218208850361407,1,0.2820495959751192,train
-0.9334913841448724,-0.37606616178527474,1,0.7064154440717124,train
0.29530968703329563,-0.895880994386971,1,0.9890006082859698,train
-0.9919922184199095,-0.6805147221311927,1,0.84150576727596,train
0.15469015389680862,-0.24739284114912152,1,0.9137278353111197,train
-0.43847791384905577,-0.2824259656481445,0,0.8099073858679386,train
0.22105869930237532,0.13109514769166708,1,0.7966125624509444,test
0.8541054911911488,0.655011638533324,1,0.7135403353052227,test
0.1464299252256751,0.42387568205595016,0,0.5940135908409345,test
0.5980419660918415,0.9269001865759492,1,0.4204875570148585,test
-0.3990043611265719,0.3267309279181063,0,0.43372943896575933,train
0.7756543373689055,0.6468047564849257,1,0.690544754322375,test
0.7101105428300798,-0.5263158455491066,1,0.9840993106156573,train
0.6741491020657122,-0.9327407460659742,1,0.9947999117037195,train
-0.8557992088608444,0.03575153509154916,0,0.4514106261908521,train
0.24781837640330195,0.5888537252321839,1,0.5176782019699282,test
0.02147179003804922,0.1307168467901647,0,0.7360328473097568,train
-0.8682053978554904,0.6999232238158584,0,0.1033337498367813,test
-0.5517059494741261,0.0020650061778724194,0,0.6042186526231468,test
0.16287302738055587,0.4630423616617918,1,0.5729743885823556,train
-0.2755551845766604,0.727858625818044,0,0.22614531467370713,test
0.8897851384244859,-0.6074103051796556,1,0.9907119308125923,test
-0.8869381034746766,0.599997203797102,0,0.13009100075308128,train
-0.999316374771297,0.7129025147296488,0,0.08146023382778315,test
-0.42003822792321444,-0.08758311253041029,1,0.7130914320707671,train
-0.5654046833515167,0.5342927873134613,0,0.23892608675981664,test
0.3771483567543328,-0.07828767178580165,1,0.9042097715871259,train
0.729740290902555,0.49244949081912637,1,0.7642569761032437,test
-0.9403245472349226,-0.8413180345669389,1,0.9027821038123861,train
0.40301765548065305,-0.2970988815650344,1,0.949296267176182,test
-0.6665152129717171,-0.03428629972040653,1,0.5825859882702639,train
0.5701184798963368,0.6023868871852756,1,0.6414444411914529,train
-0.7082935925573111,-0.5555971935391426,1,0.8567219414331122,train
0.3524004677310586,0.0888530001975596,1,0.847260715243939,test
0.040544767398387194,-0.167441229801625,1,0.8733570846445918,test
0.4099979936145246,-0.054031485226005316,1,0.9029108267515374,train
-0.47092398162931204,0.12196021946147084,1,0.5523151562294413,train
0.01168310223147273,0.8630111059173942,0,0.2431890214754499,test
0.6446785954758525,-0.4841437032446265,1,0.9799668276174375,train
-0.6405896041542292,0.5510839531198144,0,0.20814222390938525,train
0.7292929980903864,-0.9401180325075984,1,0.9953658434251135,test
-0.7801079116761684,-0.9959474550560117,1,0.9504952314307612,test
0.7428735792636871,0.2943207873031497,1,0.8555330669118545,train
0.028839537408202887,-0.33028738060966134,1,0.9158890859078677,train
-0.42860235599800944,-0.2795765232294798,1,0.8112165306400796,test
-0.32653195783495903,-0.8630924550816417,1,0.9657987372639779,test
0.13930402928963304,-0.6867591044865549,1,0.9739189075983554,test
-0.6315414155833423,0.4439989603124559,0,0.2675315937236807,test
-0.12125705927610397,-0.7998844087123871,1,0.9708654122968318,train
0.3236443614587188,-0.34194457111880183,1,0.9490899464444631,test
-0.15932276425883174,0.8803358944132924,0,0.1857157844626183,train
0.12195243826135993,0.6325737186707556,1,0.432354418050208,test
-0.6087526939809322,0.3380001285113394,0,0.34120817221937705,test
0.8566100527532399,0.3600926520302892,1,0.8557438347196517,train
0.34714839374646544,0.0752364369109273,1,0.8512161393863101,train
-0.7379259658046067,0.017584209330379963,0,0.5148845827261513,test
-0.24622682901099324,-0.7810764294117689,1,0.962229907835263,train
-0.3953938642516732,-0.06782433530315757,1,0.7098573598794902,train
0.6105153886601329,0.7227307823486626,0,0.5740266141487024,test
-0.05974319577217102,-0.2821002500131726,1,0.8904522974375799,train
-0.11710800882428885,0.8820263487286866,0,0.1960866999446975,test
-0.8408067626878619,0.15813344297930598,1,0.3710597986229076,test
-0.25292934011667967,0.2939268867485225,1,0.5197153250560862,test
-0.2241305047646165,-0.7322479761205614,1,0.9582143662767425,train
-0.21941077150404453,-0.45841746171936393,1,0.9120448501319178,test
-0.5211610393598676,0.49892168398946524,0,0.27300197610183913,train
0.5791713283397257,0.6037621120922267,1,0.6440705413975595,train
-0.9682575585320592,-0.30650286143645644,0,0.6490775883269423,train
-0.2024798900820315,0.3046728326007724,1,0.5333535786386904,train
-0.22346482519060373,-0.5431039086543024,1,0.9295555203582576,train
-0.08443968184292316,-0.4822222660295665,1,0.9333360484289343,train
-0.40670840349048376,-0.25566149735823274,1,0.806169984101425,train
0.6064750561490655,-0.5413095345720649,1,0.9818762770791679,test
0.7427900177426636,0.9391616941429675,1,0.47267024693029785,train
0.8891512267291546,0.8646196695044637,0,0.5887533363182685,train
-0.45420218259096146,-0.9212523540481925,1,0.9641844399908046,train
0.35087841423228383,0.30447605811059475,1,0.7463760564159135,train
0.4228220651857555,-0.27280626632273197,1,0.9474707296576305,train
-0.5966856679879129,-0.34414367051795125,1,0.7957387815494059,test
0.11341703496873379,0.0848851460032165,1,0.7886299571329921,test
0.24702669028192759,-0.8810335132293403,1,0.9875426976236725,train
-0.7838610131293535,-0.4091873490251601,1,0.7739222584496578,train
0.1696803355589509,-0.6801181477494538,1,0.9747304209393522,train
0.29170279670506716,-0.31912479223683476,1,0.9428954931222906,train
-0.6228418531827629,-0.42396839754655957,1,0.8247554088332911,train
-0.08448599185794592,0.2977969986386597,0,0.5878994190477534,train
0.8349750605411828,-0.8997483574785292,1,0.9956446137259191,test
0.13189181964844465,0.17608630331233144,1,0.746725845079632,train
0.8844625852070749,-0.8337240084074438,1,0.9951465534256768,test
0.48948425706475973,-0.4995325985364616,1,0.9751588330864889,train
0.4335342925041914,0.5178176579065621,1,0.6447271985566119,test
0.09073280449956656,0.4295799103565514,1,0.5667849748269499,test
0.9534725621342659,0.074367162771523,1,0.9417159516874183,train
0.8870698236860335,0.1424420508556068,1,0.9219861675485939,test
-0.6469465289264917,-0.7503741164691746,1,0.9215343351955271,train
0.09199352748692036,0.507502369582653,1,0.5106880100416537,test
0.28972212178632617,0.3653188473545015,0,0.6892855400440137,train
-0.7901576370932162,-0.815578518435359,1,0.9175613986299223,train
-0.9235845459625125,-0.9638091726228595,1,0.9318682663061748,train
0.5418307320214808,-0.5574631774798036,1,0.980718123515214,test
0.9146222830750048,0.9797858577221632,0,0.5162788814731679,train
-0.7786331446841359,-0.15280805388465524,0,0.6198466016393178,train
-0.19550504256039858,0.8689637053757906,0,0.1814433170615501,test
-0.945002262480557,0.6624670326709747,0,0.10135744226903988,test
-0.17122248001396656,0.8332860711961985,0,0.20413211648712462,train
-0.5820232634432614,-0.4032163075171411,1,0.8260472719216156,train
0.8361513414420187,0.539623246062547,1,0.7720295750360561,train
-0.5435331333428621,-0.698343213647604,1,0.9232738362452633,train
0.9638616647571325,-0.3600071920081973,1,0.9832403299858344,train
-0.4564847913570702,0.5597348068840802,0,0.25979780647948514,train
0.06307346187531948,0.5432741674594581,0,0.4721857461221509,train
0.8918928718194366,0.3583239419385791,1,0.8636361903260311,test
0.8098280341364443,-0.217244328930974,1,0.9674155953022969,train
0.8980765528976917,-0.7796775149181485,1,0.9944490403214217,test
-0.39795637456700206,0.010655311867594719,0,0.659382212684616,train
0.532217076048255,0.9593102103099227,0,0.3709608104283238,test
-0.6212203870527446,0.4546341388486326,0,0.2648928562857821,train
-0.7972780629061162,0.8660418875515461,0,0.07406027492680466,train
-0.8280271384865046,0.04241356858983636,0,0.45833669722205,train
0.018466624431312084,-0.835151769220829,1,0.9791264598872891,test
0.155302241910249,0.31447856966406107,1,0.6717320115540406,test
0.3738275868818164,0.9687108895741403,0,0.304456672369398,test
-0.4968654038384557,0.5769837838597596,0,0.23748911168093229,test
-0.1089909472502768,-0.9162117950618267,1,0.9795236487675799,train
0.08246205886825919,-0.6790464934892952,1,0.9707004301585743,test
0.13636236358433962,0.08127704355865717,1,0.7968049243883053,test
0.8608420682139695,-0.3913063076324761,1,0.98179253369866,train
-0.655235895421356,-0.7462462116964161,1,0.9196154971076541,test
-0.921501886099577,-0.48176622902974486,0,0.7699421748450479,train
-0.8021218306384981,-0.29383313935250044,1,0.7030090874810143,train
-0.9689854881726205,-0.6677139801904559,1,0.8417483252810658,test
0.8407995472662151,-0.27274709939956665,1,0.973562978723357,train
0.492891788482666,-0.594422441907227,1,0.9811781598999155,test
0.21081778220832348,0.2532177255488932,0,0.7291301652181049,test
-0.24460781551897526,0.7198387011885643,0,0.23978389725265964,train
-0.3170182388275862,-0.7391310269013047,1,0.952302786865773,train
-0.34492087783291936,0.4390168711543083,1,0.37683094822368846,train
0.25502418633550406,-0.9941674480214715,1,0.9911443608430193,test
0.26593223912641406,0.36386697413399816,1,0.6814398507941738,test
0.9608380203135312,-0.0763293975032866,1,0.9621727471832838,train
0.7388498759828508,0.6334417774342,0,0.6854485596872928,train
0.28314631897956133,-0.5447552059777081,1,0.9692328061548143,test
-0.18095142720267177,0.06510762544348836,0,0.7051164119150242,test
0.8418746613897383,0.1669421629048884,1,0.9105781989224806,test
-0.09715611208230257,0.5466871648095548,0,0.40250179231998073,test
0.8285452490672469,-0.6038458878174424,1,0.9895913382341781,train
-0.947289823088795,-0.10923665435984731,1,0.518303751595859,test
-0.31612138310447335,0.5717936805449426,0,0.30099343776923715,train
-0.4878449970856309,0.7322509973309934,0,0.16718963337861573,test
0.5542632499709725,0.023284882307052612,1,0.9046545373767172,train
-0.4078907575458288,0.7953446991741657,0,0.16059157127067977,train
-0.48508313996717334,0.45374941220507026,0,0.31312167718159434,train
-0.05732820741832256,-0.7804613034240901,1,0.972309681224968,test
-0.8594257072545588,-0.6802346063777804,1,0.8693348714650514,train
-0.546808966435492,-0.06793961953371763,0,0.6539386934664468,train
-0.7705069556832314,-0.16737214056774974,1,0.6330718982965942,test
-0.8400425533764064,0.2216483373194933,0,0.3290850941799809,test
-0.11822580127045512,0.26916957926005125,1,0.5942282656908571,train
0.9648511181585491,-0.519829427357763,1,0.9894549153863827,train
0.9276742916554213,-0.07121891947463155,1,0.95947841427945,train
0.5951910065487027,0.24719344545155764,0,0.8408274149650369,train
0.08347240695729852,0.9018800924532115,0,0.24481648506625422,test
-0.08844858594238758,0.8979178862646222,0,0.19646939139527303,train
-0.5779316052794456,-0.950343209784478,1,0.9595629164336542,train
-0.5387221039272845,-0.5192547412589192,1,0.8777793424921908,test
0.18219959270209074,0.5504260533489287,1,0.5177843516376843,test
-0.4835238973610103,-0.8162167104892433,1,0.9495637975745074,test
0.5148072955198586,0.011504036374390125,1,0.9017784980329189,test
0.10309213865548372,-0.7742994604632258,1,0.9784282733090802,test
-0.8047493449412286,0.6557054123841226,0,0.12754183753015264,train
-0.6989872087724507,0.734834820497781,1,0.12197136097307852,train
-0.7084284108132124,-0.07870967080816627,1,0.5967325157734633,train
0.9811364216729999,-0.6770350700244308,1,0.993500933633405,test
-0.94781536515802145,-0.9938514870591462,1,0.9347661245265776,train
0.21346869273111224,0.5770674557425082,0,0.5116422792650669,test
-0.7957588015124202,0.3257379550486803,0,0.28061000827252,test
0.018851203843951225,0.2776780780404806,1,0.6435262204869152,train
-0.6251573087647557,-0.17286637471988797,1,0.6920615413731014,test
0.014443782158195972,0.4901325679384172,0,0.490289080453774,train
-0.22964897053316236,-0.6775106741115451,1,0.950866541757218,train
0.1773306541144848,-0.8934702416881919,1,0.9864840607921384,test
0.8414880908094347,-0.4884775187820196,1,0.9857828464127664,test
0.16711585223674774,-0.721722518093884,1,0.9774671007070059,train
0.6258041737601161,0.04439016105607152,1,0.9097390751750298,train
0.5350660951808095,-0.4153789463452995,1,0.9707324612145004,test
0.2151270378381014,0.9857960361987352,0,0.24098959259188138,test
0.0675646192394197,-0.44721743278205395,1,0.9424729413205695,train
-0.4290422052145004,0.14925940800458193,0,0.5502401398724548,train
-0.7516230586916208,0.2251365538686514,0,0.3608884971381263,train
-0.03207185119390488,-0.6727639753371477,1,0.9639598644618772,train
-0.2652864153496921,0.02835190761834383,1,0.6974835371953092,test
0.4160418091341853,0.943039074074477,1,0.3365075381518409,test
0.9031371404416859,-0.2194808921776712,1,0.9722593385813689,train
-0.3857620400376618,-0.33899046620354056,1,0.8461946041940672,test
0.6414501494728029,0.7225156626664102,1,0.5870462973516039,test
0.7104321704246104,-0.5933063342235982,1,0.9869011814616739,train
-0.908119760453701,0.5461593782529235,0,0.14446264978903256,test
0.727556832600385,-0.7876873048953712,1,0.9927566753046169,train
-0.047719226218760014,0.19858147948980331,0,0.6700855113182212,train
-0.7565895314328372,-0.4995673457160592,0,0.8237245705993438,train
0.311791380867362,0.10403757868334651,1,0.8319421432489811,test
-0.5448829000815749,0.9470302215777338,0,0.08851266334767857,train
-0.07962015829980373,0.351265549659729,1,0.5515796020630261,test
0.7724672150798142,0.6353612248785794,1,0.6965087698531932,train
0.586658027023077,0.6415780344977975,1,0.6213180791241709,train
-0.9084389116615057,0.5385898151434958,0,0.14715494592721762,train
-0.8644167557358742,0.7796360049396753,0,0.08412079432138939,test
0.32530260970816016,0.1165722250007093,1,0.8300291993994977,test
-0.5422530057840049,-0.45760991098359227,1,0.8563196720862131,train
0.18462587101384997,0.22291575651615858,1,0.7377280777940628,test
-0.33965658908709884,-0.16279819142073393,1,0.7803932487881768,train
0.9986060508526862,0.4443243336863816,1,0.8552406518719153,test
0.4175836150534451,0.6203659772872925,0,0.5667138204065623,train
-0.9936604229733348,0.17089490965008736,0,0.3044651889556532,train
0.5394679242745042,0.8202452971599996,0,0.4728868740784822,test
-0.5995376626960933,0.1232206397689879,0,0.4966637452033423,test
0.3789985105395317,0.7693878468126059,0,0.441825686851875,test
0.49970691930502653,0.6598285986110568,0,0.5727774179282429,train
-0.5233457619324327,0.015759175177663565,0,0.6062132826283924,train
0.9059335556812584,-0.13172713294625282,1,0.9645854335109263,test
0.1695665498264134,0.8728635404258966,0,0.2901942958373771,test
0.5989161352626979,0.20127979665994644,1,0.8587790289139172,train
0.8692050050012767,-0.39747988106682897,1,0.982362063707786,train
-0.8468141565099359,-0.6305330777540803,1,0.8545964822725062,train
0.32720325980335474,-0.9345800443552434,1,0.9906837477680536,train
0.9748693346045911,0.8867994765751064,1,0.6083283396889583,train
-0.49533786764368415,0.07747743371874094,0,0.5740915335544724,train
-0.9211275614798069,0.8363072015345097,0,0.06596315792073137,test
0.9712439426220953,0.2367771384306252,1,0.9119136696543091,train
-0.734298475086689,-0.9300536923110485,1,0.9448118633308004,train
-0.6476185354404151,-0.8431151900440454,1,0.9389894552145174,train
-0.03441037843003869,-0.17126141767948866,1,0.859859960306704,test
0.272170087788254,-0.9093700447119772,1,0.9890002656842128,train
0.9739581402391195,0.41758189257234335,1,0.8596644171762386,train
-0.8009306262247264,0.010576647240668535,0,0.49311411368083674,test
0.3873655837960541,0.37071696668863297,1,0.7206646577247836,test
-0.9973825956694782,0.4833513838239014,0,0.14838941035571943,train
0.5348518714308739,0.5532525712624192,0,0.6604399225144485,test
-0.3600409086793661,0.6004798975773156,0,0.268631359042914,train
0.9160256898030639,-0.34415570506826043,1,0.9809930370622615,train
-0.609204841312021,0.2336695254780352,1,0.4125996337105021,test
